--
-- PostgreSQL database dump
--

\restrict IAyB88m7EoWCWrAR5MRN3c08HdexfLPPsvjgbCJXMQgdfxzPk5ICLtEz7PY67GV

-- Dumped from database version 17.6
-- Dumped by pg_dump version 17.6

SET statement_timeout = 0;
SET lock_timeout = 0;
SET idle_in_transaction_session_timeout = 0;
SET transaction_timeout = 0;
SET client_encoding = 'UTF8';
SET standard_conforming_strings = on;
SELECT pg_catalog.set_config('search_path', '', false);
SET check_function_bodies = false;
SET xmloption = content;
SET client_min_messages = warning;
SET row_security = off;

SET default_tablespace = '';

SET default_table_access_method = heap;

--
-- Name: accounts_activitylog; Type: TABLE; Schema: public; Owner: postgres
--

CREATE TABLE public.accounts_activitylog (
    id bigint NOT NULL,
    action character varying(20) NOT NULL,
    description text NOT NULL,
    content_type character varying(50) NOT NULL,
    object_id integer,
    priority character varying(10) NOT NULL,
    amount numeric(15,2),
    metadata jsonb NOT NULL,
    "timestamp" timestamp with time zone NOT NULL,
    is_read boolean NOT NULL,
    user_id integer NOT NULL,
    CONSTRAINT accounts_activitylog_object_id_check CHECK ((object_id >= 0))
);


ALTER TABLE public.accounts_activitylog OWNER TO postgres;

--
-- Name: accounts_activitylog_id_seq; Type: SEQUENCE; Schema: public; Owner: postgres
--

ALTER TABLE public.accounts_activitylog ALTER COLUMN id ADD GENERATED BY DEFAULT AS IDENTITY (
    SEQUENCE NAME public.accounts_activitylog_id_seq
    START WITH 1
    INCREMENT BY 1
    NO MINVALUE
    NO MAXVALUE
    CACHE 1
);


--
-- Name: accounts_customrole; Type: TABLE; Schema: public; Owner: postgres
--

CREATE TABLE public.accounts_customrole (
    id bigint NOT NULL,
    name character varying(100) NOT NULL,
    description text NOT NULL,
    created_at timestamp with time zone NOT NULL,
    updated_at timestamp with time zone NOT NULL
);


ALTER TABLE public.accounts_customrole OWNER TO postgres;

--
-- Name: accounts_customrole_id_seq; Type: SEQUENCE; Schema: public; Owner: postgres
--

ALTER TABLE public.accounts_customrole ALTER COLUMN id ADD GENERATED BY DEFAULT AS IDENTITY (
    SEQUENCE NAME public.accounts_customrole_id_seq
    START WITH 1
    INCREMENT BY 1
    NO MINVALUE
    NO MAXVALUE
    CACHE 1
);


--
-- Name: accounts_customrole_permissions; Type: TABLE; Schema: public; Owner: postgres
--

CREATE TABLE public.accounts_customrole_permissions (
    id bigint NOT NULL,
    customrole_id bigint NOT NULL,
    permission_id integer NOT NULL
);


ALTER TABLE public.accounts_customrole_permissions OWNER TO postgres;

--
-- Name: accounts_customrole_permissions_id_seq; Type: SEQUENCE; Schema: public; Owner: postgres
--

ALTER TABLE public.accounts_customrole_permissions ALTER COLUMN id ADD GENERATED BY DEFAULT AS IDENTITY (
    SEQUENCE NAME public.accounts_customrole_permissions_id_seq
    START WITH 1
    INCREMENT BY 1
    NO MINVALUE
    NO MAXVALUE
    CACHE 1
);


--
-- Name: accounts_navigationitem; Type: TABLE; Schema: public; Owner: postgres
--

CREATE TABLE public.accounts_navigationitem (
    id bigint NOT NULL,
    name character varying(100) NOT NULL,
    display_name character varying(100) NOT NULL,
    icon text NOT NULL,
    url_name character varying(100) NOT NULL,
    "order" integer NOT NULL,
    is_active boolean NOT NULL,
    created_at timestamp with time zone NOT NULL,
    parent_id bigint,
    CONSTRAINT accounts_navigationitem_order_check CHECK (("order" >= 0))
);


ALTER TABLE public.accounts_navigationitem OWNER TO postgres;

--
-- Name: accounts_navigationitem_id_seq; Type: SEQUENCE; Schema: public; Owner: postgres
--

ALTER TABLE public.accounts_navigationitem ALTER COLUMN id ADD GENERATED BY DEFAULT AS IDENTITY (
    SEQUENCE NAME public.accounts_navigationitem_id_seq
    START WITH 1
    INCREMENT BY 1
    NO MINVALUE
    NO MAXVALUE
    CACHE 1
);


--
-- Name: accounts_notification; Type: TABLE; Schema: public; Owner: postgres
--

CREATE TABLE public.accounts_notification (
    id bigint NOT NULL,
    notification_type character varying(50) NOT NULL,
    title character varying(200) NOT NULL,
    message text NOT NULL,
    is_read boolean NOT NULL,
    read_at timestamp with time zone,
    created_at timestamp with time zone NOT NULL,
    metadata jsonb NOT NULL,
    read_by_id integer,
    related_user_id integer,
    user_id integer
);


ALTER TABLE public.accounts_notification OWNER TO postgres;

--
-- Name: accounts_notification_id_seq; Type: SEQUENCE; Schema: public; Owner: postgres
--

ALTER TABLE public.accounts_notification ALTER COLUMN id ADD GENERATED BY DEFAULT AS IDENTITY (
    SEQUENCE NAME public.accounts_notification_id_seq
    START WITH 1
    INCREMENT BY 1
    NO MINVALUE
    NO MAXVALUE
    CACHE 1
);


--
-- Name: accounts_profile; Type: TABLE; Schema: public; Owner: postgres
--

CREATE TABLE public.accounts_profile (
    id bigint NOT NULL,
    phone character varying(30),
    image character varying(100),
    user_id integer NOT NULL,
    approved_at timestamp with time zone,
    approved_by_id integer,
    is_approved boolean NOT NULL,
    role character varying(20) NOT NULL,
    deactivated_at timestamp with time zone,
    deactivated_by_id integer,
    deactivation_reason text,
    is_deactivated boolean NOT NULL
);


ALTER TABLE public.accounts_profile OWNER TO postgres;

--
-- Name: accounts_profile_id_seq; Type: SEQUENCE; Schema: public; Owner: postgres
--

ALTER TABLE public.accounts_profile ALTER COLUMN id ADD GENERATED BY DEFAULT AS IDENTITY (
    SEQUENCE NAME public.accounts_profile_id_seq
    START WITH 1
    INCREMENT BY 1
    NO MINVALUE
    NO MAXVALUE
    CACHE 1
);


--
-- Name: accounts_rolenavigationpermission; Type: TABLE; Schema: public; Owner: postgres
--

CREATE TABLE public.accounts_rolenavigationpermission (
    id bigint NOT NULL,
    can_access boolean NOT NULL,
    created_at timestamp with time zone NOT NULL,
    navigation_item_id bigint NOT NULL,
    role_id bigint NOT NULL
);


ALTER TABLE public.accounts_rolenavigationpermission OWNER TO postgres;

--
-- Name: accounts_rolenavigationpermission_id_seq; Type: SEQUENCE; Schema: public; Owner: postgres
--

ALTER TABLE public.accounts_rolenavigationpermission ALTER COLUMN id ADD GENERATED BY DEFAULT AS IDENTITY (
    SEQUENCE NAME public.accounts_rolenavigationpermission_id_seq
    START WITH 1
    INCREMENT BY 1
    NO MINVALUE
    NO MAXVALUE
    CACHE 1
);


--
-- Name: accounts_userrole; Type: TABLE; Schema: public; Owner: postgres
--

CREATE TABLE public.accounts_userrole (
    id bigint NOT NULL,
    assigned_at timestamp with time zone NOT NULL,
    assigned_by_id integer,
    role_id bigint NOT NULL,
    user_id integer NOT NULL
);


ALTER TABLE public.accounts_userrole OWNER TO postgres;

--
-- Name: accounts_userrole_id_seq; Type: SEQUENCE; Schema: public; Owner: postgres
--

ALTER TABLE public.accounts_userrole ALTER COLUMN id ADD GENERATED BY DEFAULT AS IDENTITY (
    SEQUENCE NAME public.accounts_userrole_id_seq
    START WITH 1
    INCREMENT BY 1
    NO MINVALUE
    NO MAXVALUE
    CACHE 1
);


--
-- Name: amenities; Type: TABLE; Schema: public; Owner: postgres
--

CREATE TABLE public.amenities (
    id bigint NOT NULL,
    name character varying(100) NOT NULL,
    description text,
    icon character varying(50),
    created_at timestamp with time zone NOT NULL,
    updated_at timestamp with time zone NOT NULL
);


ALTER TABLE public.amenities OWNER TO postgres;

--
-- Name: amenities_id_seq; Type: SEQUENCE; Schema: public; Owner: postgres
--

ALTER TABLE public.amenities ALTER COLUMN id ADD GENERATED BY DEFAULT AS IDENTITY (
    SEQUENCE NAME public.amenities_id_seq
    START WITH 1
    INCREMENT BY 1
    NO MINVALUE
    NO MAXVALUE
    CACHE 1
);


--
-- Name: auth_group; Type: TABLE; Schema: public; Owner: postgres
--

CREATE TABLE public.auth_group (
    id integer NOT NULL,
    name character varying(150) NOT NULL
);


ALTER TABLE public.auth_group OWNER TO postgres;

--
-- Name: auth_group_id_seq; Type: SEQUENCE; Schema: public; Owner: postgres
--

ALTER TABLE public.auth_group ALTER COLUMN id ADD GENERATED BY DEFAULT AS IDENTITY (
    SEQUENCE NAME public.auth_group_id_seq
    START WITH 1
    INCREMENT BY 1
    NO MINVALUE
    NO MAXVALUE
    CACHE 1
);


--
-- Name: auth_group_permissions; Type: TABLE; Schema: public; Owner: postgres
--

CREATE TABLE public.auth_group_permissions (
    id bigint NOT NULL,
    group_id integer NOT NULL,
    permission_id integer NOT NULL
);


ALTER TABLE public.auth_group_permissions OWNER TO postgres;

--
-- Name: auth_group_permissions_id_seq; Type: SEQUENCE; Schema: public; Owner: postgres
--

ALTER TABLE public.auth_group_permissions ALTER COLUMN id ADD GENERATED BY DEFAULT AS IDENTITY (
    SEQUENCE NAME public.auth_group_permissions_id_seq
    START WITH 1
    INCREMENT BY 1
    NO MINVALUE
    NO MAXVALUE
    CACHE 1
);


--
-- Name: auth_permission; Type: TABLE; Schema: public; Owner: postgres
--

CREATE TABLE public.auth_permission (
    id integer NOT NULL,
    name character varying(255) NOT NULL,
    content_type_id integer NOT NULL,
    codename character varying(100) NOT NULL
);


ALTER TABLE public.auth_permission OWNER TO postgres;

--
-- Name: auth_permission_id_seq; Type: SEQUENCE; Schema: public; Owner: postgres
--

ALTER TABLE public.auth_permission ALTER COLUMN id ADD GENERATED BY DEFAULT AS IDENTITY (
    SEQUENCE NAME public.auth_permission_id_seq
    START WITH 1
    INCREMENT BY 1
    NO MINVALUE
    NO MAXVALUE
    CACHE 1
);


--
-- Name: auth_user; Type: TABLE; Schema: public; Owner: postgres
--

CREATE TABLE public.auth_user (
    id integer NOT NULL,
    password character varying(128) NOT NULL,
    last_login timestamp with time zone,
    is_superuser boolean NOT NULL,
    username character varying(150) NOT NULL,
    first_name character varying(150) NOT NULL,
    last_name character varying(150) NOT NULL,
    email character varying(254) NOT NULL,
    is_staff boolean NOT NULL,
    is_active boolean NOT NULL,
    date_joined timestamp with time zone NOT NULL
);


ALTER TABLE public.auth_user OWNER TO postgres;

--
-- Name: auth_user_groups; Type: TABLE; Schema: public; Owner: postgres
--

CREATE TABLE public.auth_user_groups (
    id bigint NOT NULL,
    user_id integer NOT NULL,
    group_id integer NOT NULL
);


ALTER TABLE public.auth_user_groups OWNER TO postgres;

--
-- Name: auth_user_groups_id_seq; Type: SEQUENCE; Schema: public; Owner: postgres
--

ALTER TABLE public.auth_user_groups ALTER COLUMN id ADD GENERATED BY DEFAULT AS IDENTITY (
    SEQUENCE NAME public.auth_user_groups_id_seq
    START WITH 1
    INCREMENT BY 1
    NO MINVALUE
    NO MAXVALUE
    CACHE 1
);


--
-- Name: auth_user_id_seq; Type: SEQUENCE; Schema: public; Owner: postgres
--

ALTER TABLE public.auth_user ALTER COLUMN id ADD GENERATED BY DEFAULT AS IDENTITY (
    SEQUENCE NAME public.auth_user_id_seq
    START WITH 1
    INCREMENT BY 1
    NO MINVALUE
    NO MAXVALUE
    CACHE 1
);


--
-- Name: auth_user_user_permissions; Type: TABLE; Schema: public; Owner: postgres
--

CREATE TABLE public.auth_user_user_permissions (
    id bigint NOT NULL,
    user_id integer NOT NULL,
    permission_id integer NOT NULL
);


ALTER TABLE public.auth_user_user_permissions OWNER TO postgres;

--
-- Name: auth_user_user_permissions_id_seq; Type: SEQUENCE; Schema: public; Owner: postgres
--

ALTER TABLE public.auth_user_user_permissions ALTER COLUMN id ADD GENERATED BY DEFAULT AS IDENTITY (
    SEQUENCE NAME public.auth_user_user_permissions_id_seq
    START WITH 1
    INCREMENT BY 1
    NO MINVALUE
    NO MAXVALUE
    CACHE 1
);


--
-- Name: bookings; Type: TABLE; Schema: public; Owner: postgres
--

CREATE TABLE public.bookings (
    id bigint NOT NULL,
    booking_reference character varying(20) NOT NULL,
    check_in_date date NOT NULL,
    check_out_date date NOT NULL,
    number_of_guests integer NOT NULL,
    room_number character varying(20),
    room_type character varying(100),
    total_amount numeric(10,2) NOT NULL,
    paid_amount numeric(10,2) NOT NULL,
    deposit_amount numeric(10,2) NOT NULL,
    booking_status character varying(20) NOT NULL,
    payment_status character varying(20) NOT NULL,
    special_requests text,
    created_at timestamp with time zone NOT NULL,
    updated_at timestamp with time zone NOT NULL,
    confirmed_at timestamp with time zone,
    checked_in_at timestamp with time zone,
    checked_out_at timestamp with time zone,
    assigned_staff_id integer,
    created_by_id integer NOT NULL,
    property_obj_id bigint NOT NULL,
    customer_id bigint NOT NULL,
    CONSTRAINT bookings_number_of_guests_check CHECK ((number_of_guests >= 0))
);


ALTER TABLE public.bookings OWNER TO postgres;

--
-- Name: bookings_id_seq; Type: SEQUENCE; Schema: public; Owner: postgres
--

ALTER TABLE public.bookings ALTER COLUMN id ADD GENERATED BY DEFAULT AS IDENTITY (
    SEQUENCE NAME public.bookings_id_seq
    START WITH 1
    INCREMENT BY 1
    NO MINVALUE
    NO MAXVALUE
    CACHE 1
);


--
-- Name: complaints_complaint; Type: TABLE; Schema: public; Owner: postgres
--

CREATE TABLE public.complaints_complaint (
    id bigint NOT NULL,
    title character varying(200) NOT NULL,
    description text NOT NULL,
    category character varying(20) NOT NULL,
    priority character varying(10) NOT NULL,
    status character varying(20) NOT NULL,
    rating integer,
    created_at timestamp with time zone NOT NULL,
    updated_at timestamp with time zone NOT NULL,
    resolved_at timestamp with time zone,
    property_id bigint,
    resolved_by_id integer,
    user_id integer NOT NULL,
    status_change_reason text,
    CONSTRAINT complaints_complaint_rating_check CHECK ((rating >= 0))
);


ALTER TABLE public.complaints_complaint OWNER TO postgres;

--
-- Name: complaints_complaint_id_seq; Type: SEQUENCE; Schema: public; Owner: postgres
--

ALTER TABLE public.complaints_complaint ALTER COLUMN id ADD GENERATED BY DEFAULT AS IDENTITY (
    SEQUENCE NAME public.complaints_complaint_id_seq
    START WITH 1
    INCREMENT BY 1
    NO MINVALUE
    NO MAXVALUE
    CACHE 1
);


--
-- Name: complaints_complaintresponse; Type: TABLE; Schema: public; Owner: postgres
--

CREATE TABLE public.complaints_complaintresponse (
    id bigint NOT NULL,
    response_type character varying(20) NOT NULL,
    message text NOT NULL,
    is_visible_to_user boolean NOT NULL,
    created_at timestamp with time zone NOT NULL,
    complaint_id bigint NOT NULL,
    responder_id integer NOT NULL
);


ALTER TABLE public.complaints_complaintresponse OWNER TO postgres;

--
-- Name: complaints_complaintresponse_id_seq; Type: SEQUENCE; Schema: public; Owner: postgres
--

ALTER TABLE public.complaints_complaintresponse ALTER COLUMN id ADD GENERATED BY DEFAULT AS IDENTITY (
    SEQUENCE NAME public.complaints_complaintresponse_id_seq
    START WITH 1
    INCREMENT BY 1
    NO MINVALUE
    NO MAXVALUE
    CACHE 1
);


--
-- Name: complaints_feedback; Type: TABLE; Schema: public; Owner: postgres
--

CREATE TABLE public.complaints_feedback (
    id bigint NOT NULL,
    feedback_type character varying(20) NOT NULL,
    title character varying(200) NOT NULL,
    message text NOT NULL,
    rating integer,
    created_at timestamp with time zone NOT NULL,
    property_id bigint,
    user_id integer NOT NULL,
    CONSTRAINT complaints_feedback_rating_check CHECK ((rating >= 0))
);


ALTER TABLE public.complaints_feedback OWNER TO postgres;

--
-- Name: complaints_feedback_id_seq; Type: SEQUENCE; Schema: public; Owner: postgres
--

ALTER TABLE public.complaints_feedback ALTER COLUMN id ADD GENERATED BY DEFAULT AS IDENTITY (
    SEQUENCE NAME public.complaints_feedback_id_seq
    START WITH 1
    INCREMENT BY 1
    NO MINVALUE
    NO MAXVALUE
    CACHE 1
);


--
-- Name: customers; Type: TABLE; Schema: public; Owner: postgres
--

CREATE TABLE public.customers (
    id bigint NOT NULL,
    first_name character varying(100) NOT NULL,
    last_name character varying(100) NOT NULL,
    email character varying(254) NOT NULL,
    phone character varying(20) NOT NULL,
    gender character varying(10),
    date_of_birth date,
    address text,
    city character varying(100),
    country character varying(100),
    postal_code character varying(20),
    id_type character varying(50),
    id_number character varying(100),
    emergency_contact_name character varying(200),
    emergency_contact_phone character varying(20),
    notes text,
    is_active boolean NOT NULL,
    created_at timestamp with time zone NOT NULL,
    updated_at timestamp with time zone NOT NULL
);


ALTER TABLE public.customers OWNER TO postgres;

--
-- Name: customers_id_seq; Type: SEQUENCE; Schema: public; Owner: postgres
--

ALTER TABLE public.customers ALTER COLUMN id ADD GENERATED BY DEFAULT AS IDENTITY (
    SEQUENCE NAME public.customers_id_seq
    START WITH 1
    INCREMENT BY 1
    NO MINVALUE
    NO MAXVALUE
    CACHE 1
);


--
-- Name: districts; Type: TABLE; Schema: public; Owner: postgres
--

CREATE TABLE public.districts (
    id bigint NOT NULL,
    name character varying(100) NOT NULL,
    description text,
    created_at timestamp with time zone NOT NULL,
    updated_at timestamp with time zone NOT NULL,
    region_id bigint NOT NULL
);


ALTER TABLE public.districts OWNER TO postgres;

--
-- Name: districts_id_seq; Type: SEQUENCE; Schema: public; Owner: postgres
--

ALTER TABLE public.districts ALTER COLUMN id ADD GENERATED BY DEFAULT AS IDENTITY (
    SEQUENCE NAME public.districts_id_seq
    START WITH 1
    INCREMENT BY 1
    NO MINVALUE
    NO MAXVALUE
    CACHE 1
);


--
-- Name: django_admin_log; Type: TABLE; Schema: public; Owner: postgres
--

CREATE TABLE public.django_admin_log (
    id integer NOT NULL,
    action_time timestamp with time zone NOT NULL,
    object_id text,
    object_repr character varying(200) NOT NULL,
    action_flag smallint NOT NULL,
    change_message text NOT NULL,
    content_type_id integer,
    user_id integer NOT NULL,
    CONSTRAINT django_admin_log_action_flag_check CHECK ((action_flag >= 0))
);


ALTER TABLE public.django_admin_log OWNER TO postgres;

--
-- Name: django_admin_log_id_seq; Type: SEQUENCE; Schema: public; Owner: postgres
--

ALTER TABLE public.django_admin_log ALTER COLUMN id ADD GENERATED BY DEFAULT AS IDENTITY (
    SEQUENCE NAME public.django_admin_log_id_seq
    START WITH 1
    INCREMENT BY 1
    NO MINVALUE
    NO MAXVALUE
    CACHE 1
);


--
-- Name: django_content_type; Type: TABLE; Schema: public; Owner: postgres
--

CREATE TABLE public.django_content_type (
    id integer NOT NULL,
    app_label character varying(100) NOT NULL,
    model character varying(100) NOT NULL
);


ALTER TABLE public.django_content_type OWNER TO postgres;

--
-- Name: django_content_type_id_seq; Type: SEQUENCE; Schema: public; Owner: postgres
--

ALTER TABLE public.django_content_type ALTER COLUMN id ADD GENERATED BY DEFAULT AS IDENTITY (
    SEQUENCE NAME public.django_content_type_id_seq
    START WITH 1
    INCREMENT BY 1
    NO MINVALUE
    NO MAXVALUE
    CACHE 1
);


--
-- Name: django_migrations; Type: TABLE; Schema: public; Owner: postgres
--

CREATE TABLE public.django_migrations (
    id bigint NOT NULL,
    app character varying(255) NOT NULL,
    name character varying(255) NOT NULL,
    applied timestamp with time zone NOT NULL
);


ALTER TABLE public.django_migrations OWNER TO postgres;

--
-- Name: django_migrations_id_seq; Type: SEQUENCE; Schema: public; Owner: postgres
--

ALTER TABLE public.django_migrations ALTER COLUMN id ADD GENERATED BY DEFAULT AS IDENTITY (
    SEQUENCE NAME public.django_migrations_id_seq
    START WITH 1
    INCREMENT BY 1
    NO MINVALUE
    NO MAXVALUE
    CACHE 1
);


--
-- Name: django_session; Type: TABLE; Schema: public; Owner: postgres
--

CREATE TABLE public.django_session (
    session_key character varying(40) NOT NULL,
    session_data text NOT NULL,
    expire_date timestamp with time zone NOT NULL
);


ALTER TABLE public.django_session OWNER TO postgres;

--
-- Name: documents_booking; Type: TABLE; Schema: public; Owner: postgres
--

CREATE TABLE public.documents_booking (
    id bigint NOT NULL,
    check_in date NOT NULL,
    check_out date NOT NULL,
    total_amount numeric(12,2) NOT NULL,
    status character varying(20) NOT NULL,
    created_at timestamp with time zone NOT NULL,
    property_ref_id bigint NOT NULL,
    tenant_id integer NOT NULL
);


ALTER TABLE public.documents_booking OWNER TO postgres;

--
-- Name: documents_booking_id_seq; Type: SEQUENCE; Schema: public; Owner: postgres
--

ALTER TABLE public.documents_booking ALTER COLUMN id ADD GENERATED BY DEFAULT AS IDENTITY (
    SEQUENCE NAME public.documents_booking_id_seq
    START WITH 1
    INCREMENT BY 1
    NO MINVALUE
    NO MAXVALUE
    CACHE 1
);


--
-- Name: documents_document; Type: TABLE; Schema: public; Owner: postgres
--

CREATE TABLE public.documents_document (
    id bigint NOT NULL,
    file_name character varying(255) NOT NULL,
    file character varying(100) NOT NULL,
    uploaded_at timestamp with time zone NOT NULL,
    booking_id bigint,
    property_ref_id bigint,
    user_id integer,
    lease_id bigint
);


ALTER TABLE public.documents_document OWNER TO postgres;

--
-- Name: documents_document_id_seq; Type: SEQUENCE; Schema: public; Owner: postgres
--

ALTER TABLE public.documents_document ALTER COLUMN id ADD GENERATED BY DEFAULT AS IDENTITY (
    SEQUENCE NAME public.documents_document_id_seq
    START WITH 1
    INCREMENT BY 1
    NO MINVALUE
    NO MAXVALUE
    CACHE 1
);


--
-- Name: documents_lease; Type: TABLE; Schema: public; Owner: postgres
--

CREATE TABLE public.documents_lease (
    id bigint NOT NULL,
    start_date date NOT NULL,
    end_date date NOT NULL,
    rent_amount numeric(12,2) NOT NULL,
    status character varying(20) NOT NULL,
    created_at timestamp with time zone NOT NULL,
    property_ref_id bigint NOT NULL,
    tenant_id integer NOT NULL
);


ALTER TABLE public.documents_lease OWNER TO postgres;

--
-- Name: documents_lease_id_seq; Type: SEQUENCE; Schema: public; Owner: postgres
--

ALTER TABLE public.documents_lease ALTER COLUMN id ADD GENERATED BY DEFAULT AS IDENTITY (
    SEQUENCE NAME public.documents_lease_id_seq
    START WITH 1
    INCREMENT BY 1
    NO MINVALUE
    NO MAXVALUE
    CACHE 1
);


--
-- Name: expenses; Type: TABLE; Schema: public; Owner: postgres
--

CREATE TABLE public.expenses (
    id bigint NOT NULL,
    description text NOT NULL,
    amount numeric(12,2) NOT NULL,
    incurred_date date NOT NULL,
    property_id bigint NOT NULL
);


ALTER TABLE public.expenses OWNER TO postgres;

--
-- Name: expenses_id_seq; Type: SEQUENCE; Schema: public; Owner: postgres
--

ALTER TABLE public.expenses ALTER COLUMN id ADD GENERATED BY DEFAULT AS IDENTITY (
    SEQUENCE NAME public.expenses_id_seq
    START WITH 1
    INCREMENT BY 1
    NO MINVALUE
    NO MAXVALUE
    CACHE 1
);


--
-- Name: invoices; Type: TABLE; Schema: public; Owner: postgres
--

CREATE TABLE public.invoices (
    id bigint NOT NULL,
    lease_id bigint,
    booking_id bigint,
    amount numeric(12,2) NOT NULL,
    due_date date NOT NULL,
    status character varying(20) NOT NULL,
    created_at timestamp with time zone NOT NULL,
    tenant_id integer NOT NULL
);


ALTER TABLE public.invoices OWNER TO postgres;

--
-- Name: invoices_id_seq; Type: SEQUENCE; Schema: public; Owner: postgres
--

ALTER TABLE public.invoices ALTER COLUMN id ADD GENERATED BY DEFAULT AS IDENTITY (
    SEQUENCE NAME public.invoices_id_seq
    START WITH 1
    INCREMENT BY 1
    NO MINVALUE
    NO MAXVALUE
    CACHE 1
);


--
-- Name: maintenance_maintenancerequest; Type: TABLE; Schema: public; Owner: postgres
--

CREATE TABLE public.maintenance_maintenancerequest (
    id bigint NOT NULL,
    title character varying(200) NOT NULL,
    description text NOT NULL,
    created_at timestamp with time zone NOT NULL,
    property_id bigint NOT NULL,
    tenant_id integer NOT NULL,
    actual_cost numeric(10,2),
    assigned_to_id integer,
    completed_at timestamp with time zone,
    estimated_cost numeric(10,2),
    priority character varying(10) NOT NULL,
    status character varying(20) NOT NULL,
    updated_at timestamp with time zone NOT NULL,
    admin_notes text
);


ALTER TABLE public.maintenance_maintenancerequest OWNER TO postgres;

--
-- Name: maintenance_maintenancerequest_id_seq; Type: SEQUENCE; Schema: public; Owner: postgres
--

ALTER TABLE public.maintenance_maintenancerequest ALTER COLUMN id ADD GENERATED BY DEFAULT AS IDENTITY (
    SEQUENCE NAME public.maintenance_maintenancerequest_id_seq
    START WITH 1
    INCREMENT BY 1
    NO MINVALUE
    NO MAXVALUE
    CACHE 1
);


--
-- Name: payment_audit; Type: TABLE; Schema: public; Owner: postgres
--

CREATE TABLE public.payment_audit (
    id bigint NOT NULL,
    old_status character varying(20),
    new_status character varying(20) NOT NULL,
    changed_at timestamp with time zone NOT NULL,
    payment_id bigint NOT NULL
);


ALTER TABLE public.payment_audit OWNER TO postgres;

--
-- Name: payment_audit_id_seq; Type: SEQUENCE; Schema: public; Owner: postgres
--

ALTER TABLE public.payment_audit ALTER COLUMN id ADD GENERATED BY DEFAULT AS IDENTITY (
    SEQUENCE NAME public.payment_audit_id_seq
    START WITH 1
    INCREMENT BY 1
    NO MINVALUE
    NO MAXVALUE
    CACHE 1
);


--
-- Name: payment_providers; Type: TABLE; Schema: public; Owner: postgres
--

CREATE TABLE public.payment_providers (
    id bigint NOT NULL,
    name character varying(100) NOT NULL,
    description text,
    provider_type character varying(20) NOT NULL,
    is_active boolean NOT NULL,
    transaction_fee numeric(5,2) NOT NULL,
    created_at timestamp with time zone NOT NULL,
    updated_at timestamp with time zone NOT NULL
);


ALTER TABLE public.payment_providers OWNER TO postgres;

--
-- Name: payment_providers_id_seq; Type: SEQUENCE; Schema: public; Owner: postgres
--

ALTER TABLE public.payment_providers ALTER COLUMN id ADD GENERATED BY DEFAULT AS IDENTITY (
    SEQUENCE NAME public.payment_providers_id_seq
    START WITH 1
    INCREMENT BY 1
    NO MINVALUE
    NO MAXVALUE
    CACHE 1
);


--
-- Name: payment_transactions; Type: TABLE; Schema: public; Owner: postgres
--

CREATE TABLE public.payment_transactions (
    id bigint NOT NULL,
    selcom_reference character varying(100),
    request_payload jsonb,
    response_payload jsonb,
    status character varying(20) NOT NULL,
    created_at timestamp with time zone NOT NULL,
    updated_at timestamp with time zone NOT NULL,
    payment_id bigint NOT NULL,
    provider_id bigint,
    azam_reference character varying(100),
    gateway_transaction_id character varying(100)
);


ALTER TABLE public.payment_transactions OWNER TO postgres;

--
-- Name: payment_transactions_id_seq; Type: SEQUENCE; Schema: public; Owner: postgres
--

ALTER TABLE public.payment_transactions ALTER COLUMN id ADD GENERATED BY DEFAULT AS IDENTITY (
    SEQUENCE NAME public.payment_transactions_id_seq
    START WITH 1
    INCREMENT BY 1
    NO MINVALUE
    NO MAXVALUE
    CACHE 1
);


--
-- Name: payments; Type: TABLE; Schema: public; Owner: postgres
--

CREATE TABLE public.payments (
    id bigint NOT NULL,
    amount numeric(12,2) NOT NULL,
    paid_date date,
    status character varying(20) NOT NULL,
    transaction_ref character varying(100),
    created_at timestamp with time zone NOT NULL,
    invoice_id bigint,
    tenant_id integer NOT NULL,
    provider_id bigint,
    notes text,
    payment_method character varying(20) NOT NULL,
    reference_number character varying(100),
    booking_id bigint,
    lease_id bigint,
    processor_response jsonb,
    recorded_by_id integer,
    rent_invoice_id bigint,
    transaction_id character varying(100),
    updated_at timestamp with time zone NOT NULL
);


ALTER TABLE public.payments OWNER TO postgres;

--
-- Name: payments_id_seq; Type: SEQUENCE; Schema: public; Owner: postgres
--

ALTER TABLE public.payments ALTER COLUMN id ADD GENERATED BY DEFAULT AS IDENTITY (
    SEQUENCE NAME public.payments_id_seq
    START WITH 1
    INCREMENT BY 1
    NO MINVALUE
    NO MAXVALUE
    CACHE 1
);


--
-- Name: properties; Type: TABLE; Schema: public; Owner: postgres
--

CREATE TABLE public.properties (
    id bigint NOT NULL,
    title character varying(200) NOT NULL,
    description text NOT NULL,
    address text NOT NULL,
    latitude numeric(10,8),
    longitude numeric(11,8),
    bedrooms integer,
    bathrooms integer,
    size_sqft integer NOT NULL,
    floor_number integer,
    total_floors integer,
    rent_amount numeric(10,2) NOT NULL,
    deposit_amount numeric(10,2),
    utilities_included boolean NOT NULL,
    status character varying(20) NOT NULL,
    is_featured boolean NOT NULL,
    is_furnished boolean NOT NULL,
    pets_allowed boolean NOT NULL,
    smoking_allowed boolean NOT NULL,
    created_at timestamp with time zone NOT NULL,
    updated_at timestamp with time zone NOT NULL,
    available_from date,
    owner_id integer NOT NULL,
    property_type_id bigint NOT NULL,
    region_id bigint NOT NULL,
    capacity integer,
    is_active boolean NOT NULL,
    room_types jsonb,
    total_rooms integer,
    venue_type character varying(100),
    booking_expiration_hours integer NOT NULL,
    district_id bigint,
    admin_comments text,
    approved_at timestamp with time zone,
    approved_by_id integer,
    is_approved boolean NOT NULL,
    rejection_reason text,
    visit_cost numeric(10,2),
    rent_period character varying(10) NOT NULL,
    CONSTRAINT properties_bathrooms_check CHECK ((bathrooms >= 0)),
    CONSTRAINT properties_bedrooms_check CHECK ((bedrooms >= 0)),
    CONSTRAINT properties_booking_expiration_hours_check CHECK ((booking_expiration_hours >= 0)),
    CONSTRAINT properties_capacity_check CHECK ((capacity >= 0)),
    CONSTRAINT properties_floor_number_check CHECK ((floor_number >= 0)),
    CONSTRAINT properties_size_sqft_check CHECK ((size_sqft >= 0)),
    CONSTRAINT properties_total_floors_check CHECK ((total_floors >= 0)),
    CONSTRAINT properties_total_rooms_check CHECK ((total_rooms >= 0))
);


ALTER TABLE public.properties OWNER TO postgres;

--
-- Name: properties_houserentreminder; Type: TABLE; Schema: public; Owner: postgres
--

CREATE TABLE public.properties_houserentreminder (
    id bigint NOT NULL,
    reminder_type character varying(20) NOT NULL,
    reminder_status character varying(20) NOT NULL,
    scheduled_date timestamp with time zone NOT NULL,
    sent_date timestamp with time zone,
    due_date date NOT NULL,
    days_before_due integer NOT NULL,
    subject character varying(200) NOT NULL,
    message_content text NOT NULL,
    custom_message text NOT NULL,
    reminder_sequence integer NOT NULL,
    is_overdue boolean NOT NULL,
    delivery_status character varying(50) NOT NULL,
    delivery_error text NOT NULL,
    delivery_reference character varying(100) NOT NULL,
    tenant_response text NOT NULL,
    response_date timestamp with time zone,
    created_at timestamp with time zone NOT NULL,
    updated_at timestamp with time zone NOT NULL,
    booking_id bigint NOT NULL,
    created_by_id integer,
    customer_id bigint NOT NULL,
    property_obj_id bigint NOT NULL
);


ALTER TABLE public.properties_houserentreminder OWNER TO postgres;

--
-- Name: properties_houserentreminder_id_seq; Type: SEQUENCE; Schema: public; Owner: postgres
--

ALTER TABLE public.properties_houserentreminder ALTER COLUMN id ADD GENERATED BY DEFAULT AS IDENTITY (
    SEQUENCE NAME public.properties_houserentreminder_id_seq
    START WITH 1
    INCREMENT BY 1
    NO MINVALUE
    NO MAXVALUE
    CACHE 1
);


--
-- Name: properties_houserentreminderlog; Type: TABLE; Schema: public; Owner: postgres
--

CREATE TABLE public.properties_houserentreminderlog (
    id bigint NOT NULL,
    action character varying(20) NOT NULL,
    description text NOT NULL,
    metadata jsonb NOT NULL,
    created_at timestamp with time zone NOT NULL,
    performed_by_id integer,
    reminder_id bigint NOT NULL
);


ALTER TABLE public.properties_houserentreminderlog OWNER TO postgres;

--
-- Name: properties_houserentreminderlog_id_seq; Type: SEQUENCE; Schema: public; Owner: postgres
--

ALTER TABLE public.properties_houserentreminderlog ALTER COLUMN id ADD GENERATED BY DEFAULT AS IDENTITY (
    SEQUENCE NAME public.properties_houserentreminderlog_id_seq
    START WITH 1
    INCREMENT BY 1
    NO MINVALUE
    NO MAXVALUE
    CACHE 1
);


--
-- Name: properties_houserentreminderschedule; Type: TABLE; Schema: public; Owner: postgres
--

CREATE TABLE public.properties_houserentreminderschedule (
    id bigint NOT NULL,
    schedule_name character varying(100) NOT NULL,
    schedule_type character varying(20) NOT NULL,
    days_before_due integer NOT NULL,
    overdue_interval_days integer NOT NULL,
    max_reminders integer NOT NULL,
    email_enabled boolean NOT NULL,
    sms_enabled boolean NOT NULL,
    push_enabled boolean NOT NULL,
    send_time time without time zone NOT NULL,
    timezone character varying(50) NOT NULL,
    custom_days jsonb NOT NULL,
    is_active boolean NOT NULL,
    last_run timestamp with time zone,
    next_run timestamp with time zone,
    created_at timestamp with time zone NOT NULL,
    updated_at timestamp with time zone NOT NULL,
    property_obj_id bigint NOT NULL
);


ALTER TABLE public.properties_houserentreminderschedule OWNER TO postgres;

--
-- Name: properties_houserentreminderschedule_id_seq; Type: SEQUENCE; Schema: public; Owner: postgres
--

ALTER TABLE public.properties_houserentreminderschedule ALTER COLUMN id ADD GENERATED BY DEFAULT AS IDENTITY (
    SEQUENCE NAME public.properties_houserentreminderschedule_id_seq
    START WITH 1
    INCREMENT BY 1
    NO MINVALUE
    NO MAXVALUE
    CACHE 1
);


--
-- Name: properties_houserentremindersettings; Type: TABLE; Schema: public; Owner: postgres
--

CREATE TABLE public.properties_houserentremindersettings (
    id bigint NOT NULL,
    days_before_due integer NOT NULL,
    overdue_reminder_interval integer NOT NULL,
    max_overdue_reminders integer NOT NULL,
    email_enabled boolean NOT NULL,
    sms_enabled boolean NOT NULL,
    push_enabled boolean NOT NULL,
    custom_email_template text NOT NULL,
    custom_sms_template text NOT NULL,
    grace_period_days integer NOT NULL,
    auto_escalate_enabled boolean NOT NULL,
    escalation_email character varying(254) NOT NULL,
    is_active boolean NOT NULL,
    created_at timestamp with time zone NOT NULL,
    updated_at timestamp with time zone NOT NULL,
    property_obj_id bigint NOT NULL
);


ALTER TABLE public.properties_houserentremindersettings OWNER TO postgres;

--
-- Name: properties_houserentremindersettings_id_seq; Type: SEQUENCE; Schema: public; Owner: postgres
--

ALTER TABLE public.properties_houserentremindersettings ALTER COLUMN id ADD GENERATED BY DEFAULT AS IDENTITY (
    SEQUENCE NAME public.properties_houserentremindersettings_id_seq
    START WITH 1
    INCREMENT BY 1
    NO MINVALUE
    NO MAXVALUE
    CACHE 1
);


--
-- Name: properties_houserentremindertemplate; Type: TABLE; Schema: public; Owner: postgres
--

CREATE TABLE public.properties_houserentremindertemplate (
    id bigint NOT NULL,
    name character varying(100) NOT NULL,
    template_type character varying(20) NOT NULL,
    category character varying(20) NOT NULL,
    subject character varying(200) NOT NULL,
    content text NOT NULL,
    variables_help text NOT NULL,
    is_active boolean NOT NULL,
    is_default boolean NOT NULL,
    created_at timestamp with time zone NOT NULL,
    updated_at timestamp with time zone NOT NULL
);


ALTER TABLE public.properties_houserentremindertemplate OWNER TO postgres;

--
-- Name: properties_houserentremindertemplate_id_seq; Type: SEQUENCE; Schema: public; Owner: postgres
--

ALTER TABLE public.properties_houserentremindertemplate ALTER COLUMN id ADD GENERATED BY DEFAULT AS IDENTITY (
    SEQUENCE NAME public.properties_houserentremindertemplate_id_seq
    START WITH 1
    INCREMENT BY 1
    NO MINVALUE
    NO MAXVALUE
    CACHE 1
);


--
-- Name: properties_id_seq; Type: SEQUENCE; Schema: public; Owner: postgres
--

ALTER TABLE public.properties ALTER COLUMN id ADD GENERATED BY DEFAULT AS IDENTITY (
    SEQUENCE NAME public.properties_id_seq
    START WITH 1
    INCREMENT BY 1
    NO MINVALUE
    NO MAXVALUE
    CACHE 1
);


--
-- Name: property_amenities; Type: TABLE; Schema: public; Owner: postgres
--

CREATE TABLE public.property_amenities (
    id bigint NOT NULL,
    created_at timestamp with time zone NOT NULL,
    amenity_id bigint NOT NULL,
    property_id bigint NOT NULL
);


ALTER TABLE public.property_amenities OWNER TO postgres;

--
-- Name: property_amenities_id_seq; Type: SEQUENCE; Schema: public; Owner: postgres
--

ALTER TABLE public.property_amenities ALTER COLUMN id ADD GENERATED BY DEFAULT AS IDENTITY (
    SEQUENCE NAME public.property_amenities_id_seq
    START WITH 1
    INCREMENT BY 1
    NO MINVALUE
    NO MAXVALUE
    CACHE 1
);


--
-- Name: property_complaints; Type: TABLE; Schema: public; Owner: postgres
--

CREATE TABLE public.property_complaints (
    id bigint NOT NULL,
    subject character varying(200) NOT NULL,
    description text NOT NULL,
    priority character varying(10) NOT NULL,
    status character varying(20) NOT NULL,
    resolution text,
    resolved_at timestamp with time zone,
    created_at timestamp with time zone NOT NULL,
    updated_at timestamp with time zone NOT NULL,
    booking_id bigint NOT NULL,
    resolved_by_id integer,
    customer_id bigint NOT NULL
);


ALTER TABLE public.property_complaints OWNER TO postgres;

--
-- Name: property_complaints_id_seq; Type: SEQUENCE; Schema: public; Owner: postgres
--

ALTER TABLE public.property_complaints ALTER COLUMN id ADD GENERATED BY DEFAULT AS IDENTITY (
    SEQUENCE NAME public.property_complaints_id_seq
    START WITH 1
    INCREMENT BY 1
    NO MINVALUE
    NO MAXVALUE
    CACHE 1
);


--
-- Name: property_favorites; Type: TABLE; Schema: public; Owner: postgres
--

CREATE TABLE public.property_favorites (
    id bigint NOT NULL,
    created_at timestamp with time zone NOT NULL,
    property_id bigint NOT NULL,
    user_id integer NOT NULL
);


ALTER TABLE public.property_favorites OWNER TO postgres;

--
-- Name: property_favorites_id_seq; Type: SEQUENCE; Schema: public; Owner: postgres
--

ALTER TABLE public.property_favorites ALTER COLUMN id ADD GENERATED BY DEFAULT AS IDENTITY (
    SEQUENCE NAME public.property_favorites_id_seq
    START WITH 1
    INCREMENT BY 1
    NO MINVALUE
    NO MAXVALUE
    CACHE 1
);


--
-- Name: property_images; Type: TABLE; Schema: public; Owner: postgres
--

CREATE TABLE public.property_images (
    id bigint NOT NULL,
    image character varying(100) NOT NULL,
    caption character varying(200),
    is_primary boolean NOT NULL,
    "order" integer NOT NULL,
    created_at timestamp with time zone NOT NULL,
    property_id bigint NOT NULL,
    CONSTRAINT property_images_order_check CHECK (("order" >= 0))
);


ALTER TABLE public.property_images OWNER TO postgres;

--
-- Name: property_images_id_seq; Type: SEQUENCE; Schema: public; Owner: postgres
--

ALTER TABLE public.property_images ALTER COLUMN id ADD GENERATED BY DEFAULT AS IDENTITY (
    SEQUENCE NAME public.property_images_id_seq
    START WITH 1
    INCREMENT BY 1
    NO MINVALUE
    NO MAXVALUE
    CACHE 1
);


--
-- Name: property_payments; Type: TABLE; Schema: public; Owner: postgres
--

CREATE TABLE public.property_payments (
    id bigint NOT NULL,
    amount numeric(10,2) NOT NULL,
    payment_method character varying(20) NOT NULL,
    payment_type character varying(20) NOT NULL,
    transaction_reference character varying(100),
    payment_date timestamp with time zone NOT NULL,
    notes text,
    created_at timestamp with time zone NOT NULL,
    updated_at timestamp with time zone NOT NULL,
    booking_id bigint NOT NULL,
    recorded_by_id integer NOT NULL,
    status character varying(20) NOT NULL
);


ALTER TABLE public.property_payments OWNER TO postgres;

--
-- Name: property_payments_id_seq; Type: SEQUENCE; Schema: public; Owner: postgres
--

ALTER TABLE public.property_payments ALTER COLUMN id ADD GENERATED BY DEFAULT AS IDENTITY (
    SEQUENCE NAME public.property_payments_id_seq
    START WITH 1
    INCREMENT BY 1
    NO MINVALUE
    NO MAXVALUE
    CACHE 1
);


--
-- Name: property_rooms; Type: TABLE; Schema: public; Owner: postgres
--

CREATE TABLE public.property_rooms (
    id bigint NOT NULL,
    room_number character varying(20) NOT NULL,
    room_type character varying(100) NOT NULL,
    floor_number integer,
    capacity integer NOT NULL,
    bed_type character varying(100),
    amenities text,
    base_rate numeric(10,2) NOT NULL,
    status character varying(20) NOT NULL,
    is_active boolean NOT NULL,
    created_at timestamp with time zone NOT NULL,
    updated_at timestamp with time zone NOT NULL,
    current_booking_id bigint,
    property_obj_id bigint NOT NULL,
    CONSTRAINT property_rooms_capacity_check CHECK ((capacity >= 0)),
    CONSTRAINT property_rooms_floor_number_check CHECK ((floor_number >= 0))
);


ALTER TABLE public.property_rooms OWNER TO postgres;

--
-- Name: property_rooms_id_seq; Type: SEQUENCE; Schema: public; Owner: postgres
--

ALTER TABLE public.property_rooms ALTER COLUMN id ADD GENERATED BY DEFAULT AS IDENTITY (
    SEQUENCE NAME public.property_rooms_id_seq
    START WITH 1
    INCREMENT BY 1
    NO MINVALUE
    NO MAXVALUE
    CACHE 1
);


--
-- Name: property_types; Type: TABLE; Schema: public; Owner: postgres
--

CREATE TABLE public.property_types (
    id bigint NOT NULL,
    name character varying(50) NOT NULL,
    description text,
    created_at timestamp with time zone NOT NULL,
    updated_at timestamp with time zone NOT NULL
);


ALTER TABLE public.property_types OWNER TO postgres;

--
-- Name: property_types_id_seq; Type: SEQUENCE; Schema: public; Owner: postgres
--

ALTER TABLE public.property_types ALTER COLUMN id ADD GENERATED BY DEFAULT AS IDENTITY (
    SEQUENCE NAME public.property_types_id_seq
    START WITH 1
    INCREMENT BY 1
    NO MINVALUE
    NO MAXVALUE
    CACHE 1
);


--
-- Name: property_views; Type: TABLE; Schema: public; Owner: postgres
--

CREATE TABLE public.property_views (
    id bigint NOT NULL,
    ip_address inet NOT NULL,
    user_agent text,
    viewed_at timestamp with time zone NOT NULL,
    property_id bigint NOT NULL,
    user_id integer
);


ALTER TABLE public.property_views OWNER TO postgres;

--
-- Name: property_views_id_seq; Type: SEQUENCE; Schema: public; Owner: postgres
--

ALTER TABLE public.property_views ALTER COLUMN id ADD GENERATED BY DEFAULT AS IDENTITY (
    SEQUENCE NAME public.property_views_id_seq
    START WITH 1
    INCREMENT BY 1
    NO MINVALUE
    NO MAXVALUE
    CACHE 1
);


--
-- Name: property_visit_payments; Type: TABLE; Schema: public; Owner: postgres
--

CREATE TABLE public.property_visit_payments (
    id bigint NOT NULL,
    amount numeric(10,2) NOT NULL,
    status character varying(20) NOT NULL,
    transaction_id character varying(100),
    gateway_reference character varying(100),
    created_at timestamp with time zone NOT NULL,
    updated_at timestamp with time zone NOT NULL,
    paid_at timestamp with time zone,
    payment_id bigint,
    property_id bigint NOT NULL,
    user_id integer NOT NULL
);


ALTER TABLE public.property_visit_payments OWNER TO postgres;

--
-- Name: property_visit_payments_id_seq; Type: SEQUENCE; Schema: public; Owner: postgres
--

ALTER TABLE public.property_visit_payments ALTER COLUMN id ADD GENERATED BY DEFAULT AS IDENTITY (
    SEQUENCE NAME public.property_visit_payments_id_seq
    START WITH 1
    INCREMENT BY 1
    NO MINVALUE
    NO MAXVALUE
    CACHE 1
);


--
-- Name: regions; Type: TABLE; Schema: public; Owner: postgres
--

CREATE TABLE public.regions (
    id bigint NOT NULL,
    name character varying(100) NOT NULL,
    description text,
    created_at timestamp with time zone NOT NULL,
    updated_at timestamp with time zone NOT NULL
);


ALTER TABLE public.regions OWNER TO postgres;

--
-- Name: regions_id_seq; Type: SEQUENCE; Schema: public; Owner: postgres
--

ALTER TABLE public.regions ALTER COLUMN id ADD GENERATED BY DEFAULT AS IDENTITY (
    SEQUENCE NAME public.regions_id_seq
    START WITH 1
    INCREMENT BY 1
    NO MINVALUE
    NO MAXVALUE
    CACHE 1
);


--
-- Name: rent_latefee; Type: TABLE; Schema: public; Owner: postgres
--

CREATE TABLE public.rent_latefee (
    id bigint NOT NULL,
    fee_type character varying(20) NOT NULL,
    amount numeric(12,2) NOT NULL,
    grace_period_days integer NOT NULL,
    max_late_fee numeric(12,2),
    is_active boolean NOT NULL,
    created_at timestamp with time zone NOT NULL,
    lease_id bigint NOT NULL
);


ALTER TABLE public.rent_latefee OWNER TO postgres;

--
-- Name: rent_latefee_id_seq; Type: SEQUENCE; Schema: public; Owner: postgres
--

ALTER TABLE public.rent_latefee ALTER COLUMN id ADD GENERATED BY DEFAULT AS IDENTITY (
    SEQUENCE NAME public.rent_latefee_id_seq
    START WITH 1
    INCREMENT BY 1
    NO MINVALUE
    NO MAXVALUE
    CACHE 1
);


--
-- Name: rent_rentinvoice; Type: TABLE; Schema: public; Owner: postgres
--

CREATE TABLE public.rent_rentinvoice (
    id bigint NOT NULL,
    invoice_number character varying(50) NOT NULL,
    invoice_date date NOT NULL,
    due_date date NOT NULL,
    period_start date NOT NULL,
    period_end date NOT NULL,
    base_rent numeric(12,2) NOT NULL,
    late_fee numeric(12,2) NOT NULL,
    other_charges numeric(12,2) NOT NULL,
    discount numeric(12,2) NOT NULL,
    total_amount numeric(12,2) NOT NULL,
    amount_paid numeric(12,2) NOT NULL,
    status character varying(20) NOT NULL,
    notes text NOT NULL,
    created_at timestamp with time zone NOT NULL,
    updated_at timestamp with time zone NOT NULL,
    lease_id bigint NOT NULL,
    tenant_id integer NOT NULL
);


ALTER TABLE public.rent_rentinvoice OWNER TO postgres;

--
-- Name: rent_rentinvoice_id_seq; Type: SEQUENCE; Schema: public; Owner: postgres
--

ALTER TABLE public.rent_rentinvoice ALTER COLUMN id ADD GENERATED BY DEFAULT AS IDENTITY (
    SEQUENCE NAME public.rent_rentinvoice_id_seq
    START WITH 1
    INCREMENT BY 1
    NO MINVALUE
    NO MAXVALUE
    CACHE 1
);


--
-- Name: rent_rentpayment; Type: TABLE; Schema: public; Owner: postgres
--

CREATE TABLE public.rent_rentpayment (
    id bigint NOT NULL,
    payment_date date NOT NULL,
    amount numeric(12,2) NOT NULL,
    payment_method character varying(20) NOT NULL,
    reference_number character varying(100) NOT NULL,
    status character varying(20) NOT NULL,
    transaction_id character varying(100) NOT NULL,
    processor_response jsonb,
    notes text NOT NULL,
    created_at timestamp with time zone NOT NULL,
    updated_at timestamp with time zone NOT NULL,
    invoice_id bigint NOT NULL,
    lease_id bigint NOT NULL,
    recorded_by_id integer,
    tenant_id integer NOT NULL
);


ALTER TABLE public.rent_rentpayment OWNER TO postgres;

--
-- Name: rent_rentpayment_id_seq; Type: SEQUENCE; Schema: public; Owner: postgres
--

ALTER TABLE public.rent_rentpayment ALTER COLUMN id ADD GENERATED BY DEFAULT AS IDENTITY (
    SEQUENCE NAME public.rent_rentpayment_id_seq
    START WITH 1
    INCREMENT BY 1
    NO MINVALUE
    NO MAXVALUE
    CACHE 1
);


--
-- Name: rent_rentreminder; Type: TABLE; Schema: public; Owner: postgres
--

CREATE TABLE public.rent_rentreminder (
    id bigint NOT NULL,
    reminder_type character varying(20) NOT NULL,
    days_before_due integer NOT NULL,
    sent_at timestamp with time zone NOT NULL,
    is_successful boolean NOT NULL,
    error_message text NOT NULL,
    invoice_id bigint NOT NULL,
    tenant_id integer NOT NULL
);


ALTER TABLE public.rent_rentreminder OWNER TO postgres;

--
-- Name: rent_rentreminder_id_seq; Type: SEQUENCE; Schema: public; Owner: postgres
--

ALTER TABLE public.rent_rentreminder ALTER COLUMN id ADD GENERATED BY DEFAULT AS IDENTITY (
    SEQUENCE NAME public.rent_rentreminder_id_seq
    START WITH 1
    INCREMENT BY 1
    NO MINVALUE
    NO MAXVALUE
    CACHE 1
);


--
-- Name: reports_financialsummary; Type: TABLE; Schema: public; Owner: postgres
--

CREATE TABLE public.reports_financialsummary (
    id bigint NOT NULL,
    period_type character varying(20) NOT NULL,
    period_start date NOT NULL,
    period_end date NOT NULL,
    total_rent_collected numeric(15,2) NOT NULL,
    total_other_income numeric(15,2) NOT NULL,
    total_revenue numeric(15,2) NOT NULL,
    total_maintenance_costs numeric(15,2) NOT NULL,
    total_utility_costs numeric(15,2) NOT NULL,
    total_management_fees numeric(15,2) NOT NULL,
    total_other_expenses numeric(15,2) NOT NULL,
    total_expenses numeric(15,2) NOT NULL,
    net_income numeric(15,2) NOT NULL,
    profit_margin numeric(5,2) NOT NULL,
    total_units integer NOT NULL,
    occupied_units integer NOT NULL,
    occupancy_rate numeric(5,2) NOT NULL,
    maintenance_requests integer NOT NULL,
    completed_maintenance integer NOT NULL,
    created_at timestamp with time zone NOT NULL,
    updated_at timestamp with time zone NOT NULL,
    CONSTRAINT reports_financialsummary_completed_maintenance_check CHECK ((completed_maintenance >= 0)),
    CONSTRAINT reports_financialsummary_maintenance_requests_check CHECK ((maintenance_requests >= 0)),
    CONSTRAINT reports_financialsummary_occupied_units_check CHECK ((occupied_units >= 0)),
    CONSTRAINT reports_financialsummary_total_units_check CHECK ((total_units >= 0))
);


ALTER TABLE public.reports_financialsummary OWNER TO postgres;

--
-- Name: reports_financialsummary_id_seq; Type: SEQUENCE; Schema: public; Owner: postgres
--

ALTER TABLE public.reports_financialsummary ALTER COLUMN id ADD GENERATED BY DEFAULT AS IDENTITY (
    SEQUENCE NAME public.reports_financialsummary_id_seq
    START WITH 1
    INCREMENT BY 1
    NO MINVALUE
    NO MAXVALUE
    CACHE 1
);


--
-- Name: reports_generatedreport; Type: TABLE; Schema: public; Owner: postgres
--

CREATE TABLE public.reports_generatedreport (
    id bigint NOT NULL,
    title character varying(200) NOT NULL,
    status character varying(20) NOT NULL,
    format character varying(10) NOT NULL,
    start_date date NOT NULL,
    end_date date NOT NULL,
    parameters jsonb NOT NULL,
    file_path character varying(100) NOT NULL,
    file_size integer,
    total_records integer,
    generation_time interval,
    error_message text NOT NULL,
    created_at timestamp with time zone NOT NULL,
    completed_at timestamp with time zone,
    generated_by_id integer NOT NULL,
    template_id bigint,
    CONSTRAINT reports_generatedreport_file_size_check CHECK ((file_size >= 0)),
    CONSTRAINT reports_generatedreport_total_records_check CHECK ((total_records >= 0))
);


ALTER TABLE public.reports_generatedreport OWNER TO postgres;

--
-- Name: reports_generatedreport_id_seq; Type: SEQUENCE; Schema: public; Owner: postgres
--

ALTER TABLE public.reports_generatedreport ALTER COLUMN id ADD GENERATED BY DEFAULT AS IDENTITY (
    SEQUENCE NAME public.reports_generatedreport_id_seq
    START WITH 1
    INCREMENT BY 1
    NO MINVALUE
    NO MAXVALUE
    CACHE 1
);


--
-- Name: reports_reporttemplate; Type: TABLE; Schema: public; Owner: postgres
--

CREATE TABLE public.reports_reporttemplate (
    id bigint NOT NULL,
    name character varying(200) NOT NULL,
    description text NOT NULL,
    report_type character varying(20) NOT NULL,
    template_config jsonb NOT NULL,
    is_active boolean NOT NULL,
    created_at timestamp with time zone NOT NULL,
    updated_at timestamp with time zone NOT NULL,
    created_by_id integer NOT NULL
);


ALTER TABLE public.reports_reporttemplate OWNER TO postgres;

--
-- Name: reports_reporttemplate_id_seq; Type: SEQUENCE; Schema: public; Owner: postgres
--

ALTER TABLE public.reports_reporttemplate ALTER COLUMN id ADD GENERATED BY DEFAULT AS IDENTITY (
    SEQUENCE NAME public.reports_reporttemplate_id_seq
    START WITH 1
    INCREMENT BY 1
    NO MINVALUE
    NO MAXVALUE
    CACHE 1
);


--
-- Name: token_blacklist_blacklistedtoken; Type: TABLE; Schema: public; Owner: postgres
--

CREATE TABLE public.token_blacklist_blacklistedtoken (
    id bigint NOT NULL,
    blacklisted_at timestamp with time zone NOT NULL,
    token_id bigint NOT NULL
);


ALTER TABLE public.token_blacklist_blacklistedtoken OWNER TO postgres;

--
-- Name: token_blacklist_blacklistedtoken_id_seq; Type: SEQUENCE; Schema: public; Owner: postgres
--

ALTER TABLE public.token_blacklist_blacklistedtoken ALTER COLUMN id ADD GENERATED BY DEFAULT AS IDENTITY (
    SEQUENCE NAME public.token_blacklist_blacklistedtoken_id_seq
    START WITH 1
    INCREMENT BY 1
    NO MINVALUE
    NO MAXVALUE
    CACHE 1
);


--
-- Name: token_blacklist_outstandingtoken; Type: TABLE; Schema: public; Owner: postgres
--

CREATE TABLE public.token_blacklist_outstandingtoken (
    id bigint NOT NULL,
    token text NOT NULL,
    created_at timestamp with time zone,
    expires_at timestamp with time zone NOT NULL,
    user_id integer,
    jti character varying(255) NOT NULL
);


ALTER TABLE public.token_blacklist_outstandingtoken OWNER TO postgres;

--
-- Name: token_blacklist_outstandingtoken_id_seq; Type: SEQUENCE; Schema: public; Owner: postgres
--

ALTER TABLE public.token_blacklist_outstandingtoken ALTER COLUMN id ADD GENERATED BY DEFAULT AS IDENTITY (
    SEQUENCE NAME public.token_blacklist_outstandingtoken_id_seq
    START WITH 1
    INCREMENT BY 1
    NO MINVALUE
    NO MAXVALUE
    CACHE 1
);


--
-- Data for Name: accounts_activitylog; Type: TABLE DATA; Schema: public; Owner: postgres
--

COPY public.accounts_activitylog (id, action, description, content_type, object_id, priority, amount, metadata, "timestamp", is_read, user_id) FROM stdin;
1	login	Admin User accessed dashboard	Dashboard	\N	low	\N	{}	2025-10-20 15:30:11.440988+03	f	1
2	login	Admin User accessed dashboard	Dashboard	\N	low	\N	{}	2025-10-20 15:32:49.54561+03	f	1
3	login	Admin User accessed dashboard	Dashboard	\N	low	\N	{}	2025-10-20 15:33:08.761611+03	f	1
4	login	Admin User accessed dashboard	Dashboard	\N	low	\N	{}	2025-10-20 15:33:42.059137+03	f	1
5	login	Admin User accessed dashboard	Dashboard	\N	low	\N	{}	2025-10-20 15:36:48.694774+03	f	1
6	login	Admin User accessed dashboard	Dashboard	\N	low	\N	{}	2025-10-20 15:37:14.325871+03	f	1
7	login	Admin User accessed dashboard	Dashboard	\N	low	\N	{}	2025-10-20 20:02:06.430383+03	f	1
8	login	Admin User accessed dashboard	Dashboard	\N	low	\N	{}	2025-10-20 20:02:27.091027+03	f	1
9	login	Admin User accessed dashboard	Dashboard	\N	low	\N	{}	2025-10-20 20:02:28.17549+03	f	1
10	login	Admin User accessed dashboard	Dashboard	\N	low	\N	{}	2025-10-20 20:03:05.540608+03	f	1
11	login	Admin User accessed dashboard	Dashboard	\N	low	\N	{}	2025-10-20 20:03:22.535359+03	f	1
12	login	Admin User accessed dashboard	Dashboard	\N	low	\N	{}	2025-10-20 20:26:07.839485+03	f	1
13	login	Admin User accessed dashboard	Dashboard	\N	low	\N	{}	2025-10-20 20:26:30.369069+03	f	1
14	login	Admin User accessed dashboard	Dashboard	\N	low	\N	{}	2025-10-20 20:37:38.781397+03	f	1
15	login	Admin User accessed dashboard	Dashboard	\N	low	\N	{}	2025-10-20 21:06:00.17004+03	f	1
16	login	Admin User accessed dashboard	Dashboard	\N	low	\N	{}	2025-10-20 21:06:54.139114+03	f	1
17	login	Admin User accessed dashboard	Dashboard	\N	low	\N	{}	2025-10-20 21:07:35.092107+03	f	1
18	login	Admin User accessed dashboard	Dashboard	\N	low	\N	{}	2025-10-20 21:11:28.905692+03	f	1
19	login	Admin User accessed dashboard	Dashboard	\N	low	\N	{}	2025-10-20 21:12:33.285972+03	f	1
20	login	Admin User accessed dashboard	Dashboard	\N	low	\N	{}	2025-10-20 21:13:17.709305+03	f	1
21	login	Admin User accessed dashboard	Dashboard	\N	low	\N	{}	2025-10-20 21:15:13.626544+03	f	1
22	login	Admin User accessed dashboard	Dashboard	\N	low	\N	{}	2025-10-20 21:59:20.608962+03	f	1
23	login	Admin User accessed dashboard	Dashboard	\N	low	\N	{}	2025-10-20 22:02:06.449505+03	f	1
24	login	Admin User accessed dashboard	Dashboard	\N	low	\N	{}	2025-10-21 06:48:56.11179+03	f	1
25	login	Admin User accessed dashboard	Dashboard	\N	low	\N	{}	2025-10-21 07:06:02.629612+03	f	1
26	login	Admin User accessed dashboard	Dashboard	\N	low	\N	{}	2025-10-21 07:10:53.143802+03	f	1
27	login	Admin User accessed dashboard	Dashboard	\N	low	\N	{}	2025-10-21 07:12:09.278452+03	f	1
28	login	Admin User accessed dashboard	Dashboard	\N	low	\N	{}	2025-10-21 08:06:14.752501+03	f	1
29	login	Admin User accessed dashboard	Dashboard	\N	low	\N	{}	2025-10-21 08:06:24.406923+03	f	1
30	login	Admin User accessed dashboard	Dashboard	\N	low	\N	{}	2025-10-21 08:06:31.359792+03	f	1
31	login	Admin User accessed dashboard	Dashboard	\N	low	\N	{}	2025-10-21 08:08:23.653678+03	f	1
32	login	Admin User accessed dashboard	Dashboard	\N	low	\N	{}	2025-10-21 08:08:28.501168+03	f	1
33	login	Admin User accessed dashboard	Dashboard	\N	low	\N	{}	2025-10-21 08:10:14.85249+03	f	1
34	login	Admin User accessed dashboard	Dashboard	\N	low	\N	{}	2025-10-21 08:11:02.731962+03	f	1
35	login	Admin User accessed dashboard	Dashboard	\N	low	\N	{}	2025-10-21 08:17:35.26951+03	f	1
36	login	Admin User accessed dashboard	Dashboard	\N	low	\N	{}	2025-10-21 08:17:36.60291+03	f	1
37	login	Admin User accessed dashboard	Dashboard	\N	low	\N	{}	2025-10-21 08:18:09.494427+03	f	1
41	login	Admin User accessed dashboard	Dashboard	\N	low	\N	{}	2025-10-21 08:26:45.19271+03	f	1
42	login	Admin User accessed dashboard	Dashboard	\N	low	\N	{}	2025-10-21 08:26:57.449735+03	f	1
43	login	Admin User accessed dashboard	Dashboard	\N	low	\N	{}	2025-10-21 08:27:01.887649+03	f	1
44	login	Admin User accessed dashboard	Dashboard	\N	low	\N	{}	2025-10-21 08:27:05.939184+03	f	1
45	login	Admin User accessed dashboard	Dashboard	\N	low	\N	{}	2025-10-21 08:27:17.436327+03	f	1
46	login	Admin User accessed dashboard	Dashboard	\N	low	\N	{}	2025-10-21 08:27:19.775732+03	f	1
47	login	Admin User accessed dashboard	Dashboard	\N	low	\N	{}	2025-10-21 08:27:23.46679+03	f	1
48	login	Admin User accessed dashboard	Dashboard	\N	low	\N	{}	2025-10-21 08:27:28.903675+03	f	1
51	login	Admin User accessed dashboard	Dashboard	\N	low	\N	{}	2025-10-21 08:29:29.088922+03	f	1
54	login	Admin User accessed dashboard	Dashboard	\N	low	\N	{}	2025-10-21 08:30:46.995745+03	f	1
56	login	Admin User accessed dashboard	Dashboard	\N	low	\N	{}	2025-10-21 08:45:26.343492+03	f	1
58	login	Admin User accessed dashboard	Dashboard	\N	low	\N	{}	2025-10-21 09:18:41.727928+03	f	1
59	login	Admin User accessed dashboard	Dashboard	\N	low	\N	{}	2025-10-21 09:18:56.155523+03	f	1
60	login	Admin User accessed dashboard	Dashboard	\N	low	\N	{}	2025-10-21 09:18:58.143982+03	f	1
64	login	Admin User accessed dashboard	Dashboard	\N	low	\N	{}	2025-10-21 09:23:08.400314+03	f	1
68	login	Admin User accessed dashboard	Dashboard	\N	low	\N	{}	2025-10-21 09:26:52.366002+03	f	1
69	login	Admin User accessed dashboard	Dashboard	\N	low	\N	{}	2025-10-21 09:26:58.9622+03	f	1
70	login	Admin User accessed dashboard	Dashboard	\N	low	\N	{}	2025-10-21 09:27:28.956916+03	f	1
71	login	Admin User accessed dashboard	Dashboard	\N	low	\N	{}	2025-10-21 09:27:48.68173+03	f	1
72	login	Admin User accessed dashboard	Dashboard	\N	low	\N	{}	2025-10-21 09:27:49.823622+03	f	1
73	login	Admin User accessed dashboard	Dashboard	\N	low	\N	{}	2025-10-21 09:28:45.628037+03	f	1
76	login	Admin User accessed dashboard	Dashboard	\N	low	\N	{}	2025-10-21 09:31:12.674013+03	f	1
77	login	Admin User accessed dashboard	Dashboard	\N	low	\N	{}	2025-10-21 09:31:14.633728+03	f	1
78	login	Admin User accessed dashboard	Dashboard	\N	low	\N	{}	2025-10-21 09:31:18.83518+03	f	1
79	login	Admin User accessed dashboard	Dashboard	\N	low	\N	{}	2025-10-21 09:34:19.564096+03	f	1
80	login	Admin User accessed dashboard	Dashboard	\N	low	\N	{}	2025-10-21 09:34:22.414629+03	f	1
83	login	admin accessed dashboard	Dashboard	\N	low	\N	{}	2025-10-21 09:45:49.752652+03	f	8
84	login	Admin User accessed dashboard	Dashboard	\N	low	\N	{}	2025-10-21 09:48:41.870157+03	f	1
85	login	Admin User accessed dashboard	Dashboard	\N	low	\N	{}	2025-10-21 09:48:57.796575+03	f	1
86	login	Admin User accessed dashboard	Dashboard	\N	low	\N	{}	2025-10-21 09:52:35.793221+03	f	1
87	login	Admin User accessed dashboard	Dashboard	\N	low	\N	{}	2025-10-21 10:09:15.173369+03	f	1
88	login	Admin User accessed dashboard	Dashboard	\N	low	\N	{}	2025-10-21 10:09:19.428481+03	f	1
89	login	Admin User accessed dashboard	Dashboard	\N	low	\N	{}	2025-10-21 10:13:27.861643+03	f	1
90	login	Admin User accessed dashboard	Dashboard	\N	low	\N	{}	2025-10-21 10:13:32.069459+03	f	1
91	login	Admin User accessed dashboard	Dashboard	\N	low	\N	{}	2025-10-21 10:13:34.03532+03	f	1
92	login	Admin User accessed dashboard	Dashboard	\N	low	\N	{}	2025-10-21 10:14:32.836424+03	f	1
93	login	Admin User accessed dashboard	Dashboard	\N	low	\N	{}	2025-10-21 10:14:36.328781+03	f	1
94	login	Admin User accessed dashboard	Dashboard	\N	low	\N	{}	2025-10-21 10:14:37.323672+03	f	1
95	login	Admin User accessed dashboard	Dashboard	\N	low	\N	{}	2025-10-21 10:14:37.910529+03	f	1
96	login	Admin User accessed dashboard	Dashboard	\N	low	\N	{}	2025-10-21 10:14:38.2805+03	f	1
97	login	Admin User accessed dashboard	Dashboard	\N	low	\N	{}	2025-10-21 10:14:38.567446+03	f	1
98	login	Admin User accessed dashboard	Dashboard	\N	low	\N	{}	2025-10-21 10:14:59.434742+03	f	1
99	login	Admin User accessed dashboard	Dashboard	\N	low	\N	{}	2025-10-21 10:18:40.925312+03	f	1
100	login	Admin User accessed dashboard	Dashboard	\N	low	\N	{}	2025-10-21 10:18:51.197708+03	f	1
101	login	Admin User accessed dashboard	Dashboard	\N	low	\N	{}	2025-10-21 10:18:53.71192+03	f	1
102	login	Admin User accessed dashboard	Dashboard	\N	low	\N	{}	2025-10-21 10:31:18.620638+03	f	1
103	login	Admin User accessed dashboard	Dashboard	\N	low	\N	{}	2025-10-21 10:31:31.922548+03	f	1
104	login	Admin User accessed dashboard	Dashboard	\N	low	\N	{}	2025-10-21 10:34:55.829497+03	f	1
105	login	Admin User accessed dashboard	Dashboard	\N	low	\N	{}	2025-10-21 10:35:08.913247+03	f	1
106	login	Admin User accessed dashboard	Dashboard	\N	low	\N	{}	2025-10-21 10:43:05.935398+03	f	1
107	login	Admin User accessed dashboard	Dashboard	\N	low	\N	{}	2025-10-21 10:46:02.825706+03	f	1
108	login	Admin User accessed dashboard	Dashboard	\N	low	\N	{}	2025-10-21 10:54:19.343053+03	f	1
109	login	Admin User accessed dashboard	Dashboard	\N	low	\N	{}	2025-10-21 10:55:39.482965+03	f	1
110	login	Admin User accessed dashboard	Dashboard	\N	low	\N	{}	2025-10-21 11:08:34.500422+03	f	1
111	login	Admin User accessed dashboard	Dashboard	\N	low	\N	{}	2025-10-21 19:13:14.855746+03	f	1
112	login	Admin User accessed dashboard	Dashboard	\N	low	\N	{}	2025-10-21 19:17:03.333974+03	f	1
113	login	Admin User accessed dashboard	Dashboard	\N	low	\N	{}	2025-10-21 19:17:08.785287+03	f	1
114	login	Admin User accessed dashboard	Dashboard	\N	low	\N	{}	2025-10-21 19:18:46.786561+03	f	1
115	login	Admin User accessed dashboard	Dashboard	\N	low	\N	{}	2025-10-21 19:18:48.483687+03	f	1
116	login	Admin User accessed dashboard	Dashboard	\N	low	\N	{}	2025-10-21 19:18:50.775116+03	f	1
117	login	Admin User accessed dashboard	Dashboard	\N	low	\N	{}	2025-10-21 19:27:01.25403+03	f	1
118	login	Admin User accessed dashboard	Dashboard	\N	low	\N	{}	2025-10-21 19:27:06.891808+03	f	1
119	login	Admin User accessed dashboard	Dashboard	\N	low	\N	{}	2025-10-21 19:31:37.550567+03	f	1
120	login	Admin User accessed dashboard	Dashboard	\N	low	\N	{}	2025-10-21 19:31:53.150031+03	f	1
121	login	Admin User accessed dashboard	Dashboard	\N	low	\N	{}	2025-10-21 19:38:58.288004+03	f	1
122	login	Admin User accessed dashboard	Dashboard	\N	low	\N	{}	2025-10-21 19:40:33.344522+03	f	1
123	login	Admin User accessed dashboard	Dashboard	\N	low	\N	{}	2025-10-21 19:41:26.175229+03	f	1
124	login	Admin User accessed dashboard	Dashboard	\N	low	\N	{}	2025-10-21 19:41:51.200145+03	f	1
125	login	Admin User accessed dashboard	Dashboard	\N	low	\N	{}	2025-10-21 19:42:43.104001+03	f	1
126	login	Admin User accessed dashboard	Dashboard	\N	low	\N	{}	2025-10-21 19:42:55.624879+03	f	1
127	login	Admin User accessed dashboard	Dashboard	\N	low	\N	{}	2025-10-21 19:44:02.444287+03	f	1
128	login	Admin User accessed dashboard	Dashboard	\N	low	\N	{}	2025-10-21 19:44:04.964917+03	f	1
129	login	Admin User accessed dashboard	Dashboard	\N	low	\N	{}	2025-10-21 19:44:28.256609+03	f	1
130	login	Admin User accessed dashboard	Dashboard	\N	low	\N	{}	2025-10-21 19:48:43.162301+03	f	1
131	login	Admin User accessed dashboard	Dashboard	\N	low	\N	{}	2025-10-21 19:51:18.027181+03	f	1
132	login	Admin User accessed dashboard	Dashboard	\N	low	\N	{}	2025-10-21 19:52:41.790254+03	f	1
133	login	Admin User accessed dashboard	Dashboard	\N	low	\N	{}	2025-10-21 19:54:04.97889+03	f	1
134	login	Admin User accessed dashboard	Dashboard	\N	low	\N	{}	2025-10-21 19:54:21.165569+03	f	1
135	login	Admin User accessed dashboard	Dashboard	\N	low	\N	{}	2025-10-21 20:00:13.761342+03	f	1
136	login	Admin User accessed dashboard	Dashboard	\N	low	\N	{}	2025-10-21 20:00:53.00679+03	f	1
137	login	Admin User accessed dashboard	Dashboard	\N	low	\N	{}	2025-10-21 20:05:45.768224+03	f	1
138	login	Admin User accessed dashboard	Dashboard	\N	low	\N	{}	2025-10-21 20:05:55.309324+03	f	1
139	login	Admin User accessed dashboard	Dashboard	\N	low	\N	{}	2025-10-21 20:16:20.735674+03	f	1
140	login	Admin User accessed dashboard	Dashboard	\N	low	\N	{}	2025-10-21 20:16:24.063907+03	f	1
141	login	Admin User accessed dashboard	Dashboard	\N	low	\N	{}	2025-10-21 20:35:14.261858+03	f	1
142	login	Admin User accessed dashboard	Dashboard	\N	low	\N	{}	2025-10-21 20:35:30.423049+03	f	1
143	login	Admin User accessed dashboard	Dashboard	\N	low	\N	{}	2025-10-21 20:36:01.47537+03	f	1
144	login	Admin User accessed dashboard	Dashboard	\N	low	\N	{}	2025-10-21 20:44:11.870697+03	f	1
145	login	Admin User accessed dashboard	Dashboard	\N	low	\N	{}	2025-10-21 20:46:33.504715+03	f	1
146	login	Admin User accessed dashboard	Dashboard	\N	low	\N	{}	2025-10-21 21:18:32.521024+03	f	1
147	login	Admin User accessed dashboard	Dashboard	\N	low	\N	{}	2025-10-21 21:18:37.611233+03	f	1
148	login	Admin User accessed dashboard	Dashboard	\N	low	\N	{}	2025-10-22 03:55:16.109453+03	f	1
149	login	Admin User accessed dashboard	Dashboard	\N	low	\N	{}	2025-10-22 03:55:56.531286+03	f	1
150	login	Admin User accessed dashboard	Dashboard	\N	low	\N	{}	2025-10-22 03:56:02.910177+03	f	1
151	login	Admin User accessed dashboard	Dashboard	\N	low	\N	{}	2025-10-22 04:16:09.816696+03	f	1
152	login	Admin User accessed dashboard	Dashboard	\N	low	\N	{}	2025-10-22 07:35:37.865325+03	f	1
153	login	Admin User accessed dashboard	Dashboard	\N	low	\N	{}	2025-10-22 07:36:36.561309+03	f	1
154	login	Admin User accessed dashboard	Dashboard	\N	low	\N	{}	2025-10-22 08:16:05.193226+03	f	1
155	create	Created Api Property Create	Property	\N	medium	\N	{}	2025-10-22 08:28:17.245048+03	f	1
156	create	Created Api Property Create	Property	\N	medium	\N	{}	2025-10-22 08:28:24.431446+03	f	1
157	login	Admin User accessed dashboard	Dashboard	\N	low	\N	{}	2025-10-22 09:09:55.908123+03	f	1
158	login	Admin User accessed dashboard	Dashboard	\N	low	\N	{}	2025-10-22 09:10:14.524686+03	f	1
159	login	Admin User accessed dashboard	Dashboard	\N	low	\N	{}	2025-10-22 09:11:38.40813+03	f	1
160	login	Admin User accessed dashboard	Dashboard	\N	low	\N	{}	2025-10-22 09:14:27.7954+03	f	1
161	login	Admin User accessed dashboard	Dashboard	\N	low	\N	{}	2025-10-22 09:17:36.653009+03	f	1
162	login	Admin User accessed dashboard	Dashboard	\N	low	\N	{}	2025-10-22 09:20:48.742203+03	f	1
163	login	Admin User accessed dashboard	Dashboard	\N	low	\N	{}	2025-10-22 09:35:16.733376+03	f	1
164	login	Admin User accessed dashboard	Dashboard	\N	low	\N	{}	2025-10-22 09:38:53.096748+03	f	1
165	login	Admin User accessed dashboard	Dashboard	\N	low	\N	{}	2025-10-22 09:40:55.165846+03	f	1
166	login	Admin User accessed dashboard	Dashboard	\N	low	\N	{}	2025-10-22 09:56:03.024005+03	f	1
167	login	Admin User accessed dashboard	Dashboard	\N	low	\N	{}	2025-10-22 09:56:55.899057+03	f	1
168	login	Admin User accessed dashboard	Dashboard	\N	low	\N	{}	2025-10-22 09:57:15.639831+03	f	1
169	login	Admin User accessed dashboard	Dashboard	\N	low	\N	{}	2025-10-22 10:03:10.136284+03	f	1
170	create	Created Property Edit	Property	\N	medium	\N	{}	2025-10-22 12:46:52.895923+03	f	1
172	login	Admin User accessed dashboard	Dashboard	\N	low	\N	{}	2025-10-22 14:17:28.668073+03	f	1
173	login	Admin User accessed dashboard	Dashboard	\N	low	\N	{}	2025-10-22 14:50:14.077496+03	f	1
174	login	Admin User accessed dashboard	Dashboard	\N	low	\N	{}	2025-10-22 14:50:33.709698+03	f	1
175	create	Created Api User Roles Update	User	\N	medium	\N	{}	2025-10-22 14:51:59.593675+03	f	1
176	login	Admin User accessed dashboard	Dashboard	\N	low	\N	{}	2025-10-22 14:55:25.603387+03	f	1
177	login	Admin User accessed dashboard	Dashboard	\N	low	\N	{}	2025-10-22 15:17:58.786672+03	f	1
178	create	Created Generate Financial	General	\N	medium	\N	{}	2025-10-22 23:30:31.182563+03	f	1
179	create	Created Generate Financial	General	\N	medium	\N	{}	2025-10-22 23:30:42.758649+03	f	1
180	create	Created Generate Financial	General	\N	medium	\N	{}	2025-10-22 23:31:02.925558+03	f	1
181	create	Created Generate Financial	General	\N	medium	\N	{}	2025-10-22 23:36:44.191582+03	f	1
182	login	Admin User accessed dashboard	Dashboard	\N	low	\N	{}	2025-10-23 07:56:28.016495+03	f	1
183	login	Admin User accessed dashboard	Dashboard	\N	low	\N	{}	2025-10-23 08:00:20.938202+03	f	1
184	login	Admin User accessed dashboard	Dashboard	\N	low	\N	{}	2025-10-23 08:10:15.316252+03	f	1
185	create	Created Generate Financial	General	\N	medium	\N	{}	2025-10-23 11:45:52.836367+03	f	1
186	create	Created Generate Financial	General	\N	medium	\N	{}	2025-10-23 11:45:57.452291+03	f	1
187	create	Created Request List	General	\N	medium	\N	{}	2025-10-23 12:10:07.378113+03	f	1
188	create	Created Request List	General	\N	medium	\N	{}	2025-10-23 12:10:32.549502+03	f	1
189	create	Created Request List	General	\N	medium	\N	{}	2025-10-23 12:11:02.748631+03	f	1
190	create	Created Request List	General	\N	medium	\N	{}	2025-10-23 12:28:13.632699+03	f	1
191	create	Created Request List	General	\N	medium	\N	{}	2025-10-23 12:28:27.076906+03	f	1
192	login	Admin User accessed dashboard	Dashboard	\N	low	\N	{}	2025-10-23 14:30:09.791698+03	f	1
193	login	Admin User accessed dashboard	Dashboard	\N	low	\N	{}	2025-10-23 14:42:43.045002+03	f	1
194	login	Admin User accessed dashboard	Dashboard	\N	low	\N	{}	2025-10-23 14:43:40.464262+03	f	1
195	login	Admin User accessed dashboard	Dashboard	\N	low	\N	{}	2025-10-23 14:44:32.468584+03	f	1
196	login	Admin User accessed dashboard	Dashboard	\N	low	\N	{}	2025-10-23 15:03:18.362966+03	f	1
197	login	Admin User accessed dashboard	Dashboard	\N	low	\N	{}	2025-10-23 15:25:56.582072+03	f	1
198	login	Admin User accessed dashboard	Dashboard	\N	low	\N	{}	2025-10-23 15:28:39.6289+03	f	1
199	login	Admin User accessed dashboard	Dashboard	\N	low	\N	{}	2025-10-23 15:35:18.278942+03	f	1
200	login	Admin User accessed dashboard	Dashboard	\N	low	\N	{}	2025-10-23 15:35:19.788897+03	f	1
201	login	Admin User accessed dashboard	Dashboard	\N	low	\N	{}	2025-10-23 15:37:06.079995+03	f	1
202	login	Admin User accessed dashboard	Dashboard	\N	low	\N	{}	2025-10-23 17:41:08.582182+03	f	1
203	login	Admin User accessed dashboard	Dashboard	\N	low	\N	{}	2025-10-23 17:56:54.213548+03	f	1
204	login	Admin User accessed dashboard	Dashboard	\N	low	\N	{}	2025-10-23 18:12:21.171986+03	f	1
205	login	Admin User accessed dashboard	Dashboard	\N	low	\N	{}	2025-10-23 18:12:23.413153+03	f	1
206	login	Admin User accessed dashboard	Dashboard	\N	low	\N	{}	2025-10-23 18:12:27.062445+03	f	1
207	login	Admin User accessed dashboard	Dashboard	\N	low	\N	{}	2025-10-23 18:17:40.313652+03	f	1
208	login	Admin User accessed dashboard	Dashboard	\N	low	\N	{}	2025-10-24 07:27:51.533094+03	f	1
209	login	Admin User accessed dashboard	Dashboard	\N	low	\N	{}	2025-10-24 08:11:59.707664+03	f	1
210	login	Admin User accessed dashboard	Dashboard	\N	low	\N	{}	2025-10-24 09:49:56.022952+03	f	1
211	login	Admin User accessed dashboard	Dashboard	\N	low	\N	{}	2025-10-24 10:29:45.503758+03	f	1
212	login	Admin User accessed dashboard	Dashboard	\N	low	\N	{}	2025-10-24 10:40:35.322972+03	f	1
213	login	Admin User accessed dashboard	Dashboard	\N	low	\N	{}	2025-10-24 10:47:40.672692+03	f	1
214	login	Admin User accessed dashboard	Dashboard	\N	low	\N	{}	2025-10-24 11:12:00.790945+03	f	1
215	login	Admin User accessed dashboard	Dashboard	\N	low	\N	{}	2025-10-24 11:12:03.223507+03	f	1
216	login	Admin User accessed dashboard	Dashboard	\N	low	\N	{}	2025-10-24 11:55:06.120758+03	f	1
217	create	Created Booking Status Update Api	General	\N	medium	\N	{}	2025-10-24 13:16:11.393725+03	f	1
218	create	Created Booking Status Update Api	General	\N	medium	\N	{}	2025-10-24 13:16:43.640198+03	f	1
219	create	Created Api Process Refund	General	\N	medium	\N	{}	2025-10-24 18:17:18.344566+03	f	1
220	create	Created Api Collect Payment	Payment	\N	medium	\N	{}	2025-10-24 18:35:56.541479+03	f	1
221	create	Created Api Collect Payment	Payment	\N	medium	\N	{}	2025-10-24 18:39:02.572085+03	f	1
222	login	Admin User accessed dashboard	Dashboard	\N	low	\N	{}	2025-10-25 04:08:43.228304+03	f	1
223	login	Admin User accessed dashboard	Dashboard	\N	low	\N	{}	2025-10-25 06:22:25.189884+03	f	1
224	login	Admin User accessed dashboard	Dashboard	\N	low	\N	{}	2025-10-25 07:28:31.978074+03	f	1
225	login	Admin User accessed dashboard	Dashboard	\N	low	\N	{}	2025-10-25 10:10:23.217463+03	f	1
226	create	Created Complaint List	General	\N	medium	\N	{}	2025-10-25 10:32:09.169786+03	f	1
227	create	Created Complaint List	General	\N	medium	\N	{}	2025-10-25 10:32:18.335335+03	f	1
228	create	Created Complaint List	General	\N	medium	\N	{}	2025-10-25 10:39:11.710062+03	f	1
229	create	Created Complaint List	General	\N	medium	\N	{}	2025-10-25 10:48:34.514858+03	f	1
230	create	Created Complaint List	General	\N	medium	\N	{}	2025-10-25 10:48:42.88095+03	f	1
231	login	Admin User accessed dashboard	Dashboard	\N	low	\N	{}	2025-10-25 10:50:03.221149+03	f	1
232	login	Admin User accessed dashboard	Dashboard	\N	low	\N	{}	2025-10-25 12:01:42.854168+03	f	1
233	login	Admin User accessed dashboard	Dashboard	\N	low	\N	{}	2025-10-25 12:47:34.39459+03	f	1
234	login	Admin User accessed dashboard	Dashboard	\N	low	\N	{}	2025-10-25 12:51:33.580918+03	f	1
235	login	Admin User accessed dashboard	Dashboard	\N	low	\N	{}	2025-10-25 12:51:46.513773+03	f	1
236	login	Admin User accessed dashboard	Dashboard	\N	low	\N	{}	2025-10-25 12:58:21.329798+03	f	1
237	login	Admin User accessed dashboard	Dashboard	\N	low	\N	{}	2025-10-25 12:59:24.367181+03	f	1
238	login	Admin User accessed dashboard	Dashboard	\N	low	\N	{}	2025-10-25 12:59:50.045913+03	f	1
239	create	Created Api Record Payment	Payment	\N	medium	\N	{}	2025-10-25 16:38:11.942746+03	f	1
240	create	Created Api Booking Confirm	General	\N	medium	\N	{}	2025-10-25 18:37:02.892745+03	f	1
241	login	Admin User accessed dashboard	Dashboard	\N	low	\N	{}	2025-10-25 22:59:17.939299+03	f	1
242	login	Admin User accessed dashboard	Dashboard	\N	low	\N	{}	2025-10-26 00:29:45.097841+03	f	1
243	create	Created Api Role Permissions	Role	\N	medium	\N	{}	2025-10-26 00:32:58.015772+03	f	1
244	login	Admin User accessed dashboard	Dashboard	\N	low	\N	{}	2025-10-26 00:33:15.881786+03	f	1
245	login	Admin User accessed dashboard	Dashboard	\N	low	\N	{}	2025-10-26 00:33:32.524896+03	f	1
246	login	Admin User accessed dashboard	Dashboard	\N	low	\N	{}	2025-10-26 08:56:30.771116+03	f	1
247	login	Admin User accessed dashboard	Dashboard	\N	low	\N	{}	2025-10-26 09:00:06.465564+03	f	1
248	login	Admin User accessed dashboard	Dashboard	\N	low	\N	{}	2025-10-26 10:29:59.104243+03	f	1
249	login	Admin User accessed dashboard	Dashboard	\N	low	\N	{}	2025-10-26 10:30:09.900214+03	f	1
250	login	Admin User accessed dashboard	Dashboard	\N	low	\N	{}	2025-10-26 10:32:44.501058+03	f	1
251	login	Admin User accessed dashboard	Dashboard	\N	low	\N	{}	2025-10-26 10:40:26.164145+03	f	1
252	login	Admin User accessed dashboard	Dashboard	\N	low	\N	{}	2025-10-26 10:46:06.410765+03	f	1
253	login	Admin User accessed dashboard	Dashboard	\N	low	\N	{}	2025-10-26 10:46:08.071138+03	f	1
254	login	Admin User accessed dashboard	Dashboard	\N	low	\N	{}	2025-10-26 10:49:06.47894+03	f	1
255	login	Admin User accessed dashboard	Dashboard	\N	low	\N	{}	2025-10-26 10:52:13.088712+03	f	1
256	login	Admin User accessed dashboard	Dashboard	\N	low	\N	{}	2025-10-26 10:55:22.010293+03	f	1
257	login	Admin User accessed dashboard	Dashboard	\N	low	\N	{}	2025-10-26 11:00:57.834083+03	f	1
258	login	Admin User accessed dashboard	Dashboard	\N	low	\N	{}	2025-10-26 11:01:01.474325+03	f	1
259	login	Admin User accessed dashboard	Dashboard	\N	low	\N	{}	2025-10-26 11:07:01.882135+03	f	1
260	login	Admin User accessed dashboard	Dashboard	\N	low	\N	{}	2025-10-26 11:12:57.879317+03	f	1
261	login	Admin User accessed dashboard	Dashboard	\N	low	\N	{}	2025-10-26 11:13:00.085227+03	f	1
262	login	Admin User accessed dashboard	Dashboard	\N	low	\N	{}	2025-10-26 11:15:25.600886+03	f	1
263	create	Created Api Property Type Update	Property	\N	medium	\N	{}	2025-10-26 12:07:43.673971+03	f	1
264	create	Created Api Region Update	General	\N	medium	\N	{}	2025-10-26 12:08:58.067161+03	f	1
265	create	Created Complaint List	General	\N	medium	\N	{}	2025-10-26 12:09:12.619294+03	f	1
266	create	Created Complaint List	General	\N	medium	\N	{}	2025-10-26 12:09:28.484097+03	f	1
267	create	Created Request List	General	\N	medium	\N	{}	2025-10-26 12:09:55.891306+03	f	1
268	create	Created Request List	General	\N	medium	\N	{}	2025-10-26 12:10:04.601298+03	f	1
269	create	Created Request List	General	\N	medium	\N	{}	2025-10-26 12:12:24.570863+03	f	1
270	login	Admin User accessed dashboard	Dashboard	\N	low	\N	{}	2025-10-26 12:12:53.290799+03	f	1
271	login	Admin User accessed dashboard	Dashboard	\N	low	\N	{}	2025-10-26 12:17:11.386113+03	f	1
272	login	Admin User accessed dashboard	Dashboard	\N	low	\N	{}	2025-10-26 12:21:08.388816+03	f	1
273	create	Created Profile Update	User	\N	medium	\N	{}	2025-10-26 12:21:27.611671+03	f	1
274	login	Admin User accessed dashboard	Dashboard	\N	low	\N	{}	2025-10-26 12:21:29.219342+03	f	1
275	login	Admin User accessed dashboard	Dashboard	\N	low	\N	{}	2025-10-26 12:40:46.609152+03	f	1
276	create	Created Profile Update	User	\N	medium	\N	{}	2025-10-26 12:40:56.942287+03	f	1
277	login	Admin User accessed dashboard	Dashboard	\N	low	\N	{}	2025-10-26 12:40:58.529159+03	f	1
278	login	Admin User accessed dashboard	Dashboard	\N	low	\N	{}	2025-10-26 12:44:24.934794+03	f	1
279	create	Created Profile Update	User	\N	medium	\N	{}	2025-10-26 12:44:42.64606+03	f	1
280	login	Admin User accessed dashboard	Dashboard	\N	low	\N	{}	2025-10-26 12:44:44.276003+03	f	1
281	login	Admin User accessed dashboard	Dashboard	\N	low	\N	{}	2025-10-26 12:51:15.074851+03	f	1
282	create	Created Complaint List	General	\N	medium	\N	{}	2025-10-26 12:51:22.442481+03	f	1
283	create	Created Request List	General	\N	medium	\N	{}	2025-10-26 12:51:30.596608+03	f	1
284	create	Created Request List	General	\N	medium	\N	{}	2025-10-26 12:51:36.108621+03	f	1
285	login	Admin User accessed dashboard	Dashboard	\N	low	\N	{}	2025-10-26 12:59:32.678748+03	f	1
286	login	Admin User accessed dashboard	Dashboard	\N	low	\N	{}	2025-10-26 13:03:42.651889+03	f	1
287	login	Admin User accessed dashboard	Dashboard	\N	low	\N	{}	2025-10-26 13:26:48.459644+03	f	1
288	create	Created Api Role Permissions	Role	\N	medium	\N	{}	2025-10-26 13:27:22.156382+03	f	1
289	login	Admin User accessed dashboard	Dashboard	\N	low	\N	{}	2025-10-26 13:30:36.15601+03	f	1
290	login	Admin User accessed dashboard	Dashboard	\N	low	\N	{}	2025-10-26 14:09:44.716226+03	f	1
291	create	Created Api Payment Send Reminder	Payment	\N	medium	\N	{}	2025-10-26 14:10:43.141971+03	f	1
292	login	Admin User accessed dashboard	Dashboard	\N	low	\N	{}	2025-10-26 14:12:44.509484+03	f	1
293	login	Admin User accessed dashboard	Dashboard	\N	low	\N	{}	2025-10-26 14:17:40.676679+03	f	1
294	login	Admin User accessed dashboard	Dashboard	\N	low	\N	{}	2025-10-26 15:21:45.368884+03	f	1
295	login	Admin User accessed dashboard	Dashboard	\N	low	\N	{}	2025-10-26 15:28:18.140495+03	f	1
296	login	Admin User accessed dashboard	Dashboard	\N	low	\N	{}	2025-10-27 10:06:57.725991+03	f	1
297	login	Admin User accessed dashboard	Dashboard	\N	low	\N	{}	2025-10-27 13:00:37.620263+03	f	1
298	login	Admin User accessed dashboard	Dashboard	\N	low	\N	{}	2025-10-27 13:11:18.948115+03	f	1
299	login	Admin User accessed dashboard	Dashboard	\N	low	\N	{}	2025-10-27 14:06:02.319303+03	f	1
300	login	Admin User accessed dashboard	Dashboard	\N	low	\N	{}	2025-10-27 14:06:15.562853+03	f	1
301	login	Admin User accessed dashboard	Dashboard	\N	low	\N	{}	2025-10-27 14:06:57.318263+03	f	1
302	login	Admin User accessed dashboard	Dashboard	\N	low	\N	{}	2025-10-27 21:01:32.546387+03	f	1
303	login	Admin User accessed dashboard	Dashboard	\N	low	\N	{}	2025-10-28 13:07:01.392865+03	f	1
304	create	Created Api Role Permissions	Role	\N	medium	\N	{}	2025-10-28 13:09:48.859548+03	f	1
305	create	Created Complaint List	General	\N	medium	\N	{}	2025-10-28 13:10:45.477959+03	f	1
306	login	Admin User accessed dashboard	Dashboard	\N	low	\N	{}	2025-10-28 16:14:46.997046+03	f	1
307	create	Created Complaint List	General	\N	medium	\N	{}	2025-10-28 16:15:59.750066+03	f	1
308	create	Created Complaint List	General	\N	medium	\N	{}	2025-10-28 16:16:07.139509+03	f	1
309	create	Created Api User Update	User	\N	medium	\N	{}	2025-10-28 16:36:43.169729+03	f	1
310	create	Created Api User Update	User	\N	medium	\N	{}	2025-10-28 16:36:51.729896+03	f	1
311	create	Created Api User Update	User	\N	medium	\N	{}	2025-10-28 16:50:20.427487+03	f	1
312	create	Created Api User Update	User	\N	medium	\N	{}	2025-10-28 16:51:43.317263+03	f	1
313	create	Created Update User Roles Ajax	User	\N	medium	\N	{}	2025-10-28 16:57:13.006766+03	f	1
314	create	Created Api Role Permissions	Role	\N	medium	\N	{}	2025-10-28 17:04:08.138474+03	f	1
315	create	Created Api Role Permissions	Role	\N	medium	\N	{}	2025-10-28 17:05:20.552796+03	f	1
316	update	Updated Property Toggle Status	Property	\N	medium	\N	{}	2025-10-28 17:16:21.191753+03	f	1
317	update	Updated Property Toggle Status	Property	\N	medium	\N	{}	2025-10-28 17:29:48.849911+03	f	1
318	update	Updated Property Toggle Status	Property	\N	medium	\N	{}	2025-10-28 17:30:43.443987+03	f	1
319	update	Updated Property Toggle Status	Property	\N	medium	\N	{}	2025-10-28 17:32:27.294306+03	f	1
320	update	Updated Property Toggle Status	Property	\N	medium	\N	{}	2025-10-28 17:32:35.017101+03	f	1
321	create	Created Api Amenity Update	General	\N	medium	\N	{}	2025-10-28 17:48:41.710719+03	f	1
322	create	Created Api Amenity Update	General	\N	medium	\N	{}	2025-10-28 17:49:03.893793+03	f	1
323	create	Created Api Amenity Delete	General	\N	medium	\N	{}	2025-10-28 17:49:48.551703+03	f	1
324	login	Admin User accessed dashboard	Dashboard	\N	low	\N	{}	2025-10-28 17:51:38.971266+03	f	1
325	login	Admin User accessed dashboard	Dashboard	\N	low	\N	{}	2025-10-28 18:22:31.786388+03	f	1
326	login	Admin User accessed dashboard	Dashboard	\N	low	\N	{}	2025-10-28 18:35:17.717831+03	f	1
327	create	Created Api Venue Booking Status	General	\N	medium	\N	{}	2025-10-28 18:38:06.363054+03	f	1
328	login	Admin User accessed dashboard	Dashboard	\N	low	\N	{}	2025-10-28 18:45:33.797492+03	f	1
329	create	Created Api Collect Payment	Payment	\N	medium	\N	{}	2025-10-29 05:14:01.667257+03	f	1
330	login	Admin User accessed dashboard	Dashboard	\N	low	\N	{}	2025-10-29 05:45:40.778058+03	f	1
331	create	Created Api Record Payment	Payment	\N	medium	\N	{}	2025-10-29 06:05:39.928008+03	f	1
332	create	Created Api Payment Send Reminder	Payment	\N	medium	\N	{}	2025-10-29 06:26:24.72702+03	f	1
333	login	Admin User accessed dashboard	Dashboard	\N	low	\N	{}	2025-10-29 08:38:39.449869+03	f	1
334	create	Created Complaint List	General	\N	medium	\N	{}	2025-10-29 08:38:44.990161+03	f	1
335	create	Created Complaint List	General	\N	medium	\N	{}	2025-10-29 09:01:31.813925+03	f	1
336	create	Created Complaint List	General	\N	medium	\N	{}	2025-10-29 09:01:44.940736+03	f	1
337	create	Created Request List	General	\N	medium	\N	{}	2025-10-29 09:02:09.473413+03	f	1
338	create	Created Request List	General	\N	medium	\N	{}	2025-10-29 09:02:16.401071+03	f	1
339	create	Created Request List	General	\N	medium	\N	{}	2025-10-29 09:02:21.464762+03	f	1
340	create	Created Request List	General	\N	medium	\N	{}	2025-10-29 09:02:26.838598+03	f	1
341	login	Admin User accessed dashboard	Dashboard	\N	low	\N	{}	2025-11-04 10:35:47.550975+03	f	1
342	login	Admin User accessed dashboard	Dashboard	\N	low	\N	{}	2025-11-07 08:48:36.548387+03	f	1
343	create	Created Complaint List	General	\N	medium	\N	{}	2025-11-07 08:49:08.98912+03	f	1
344	login	Admin User accessed dashboard	Dashboard	\N	low	\N	{}	2025-11-07 16:24:28.113136+03	f	1
345	create	Created Complaint List	General	\N	medium	\N	{}	2025-11-07 16:36:29.360707+03	f	1
346	create	Created Complaint List	General	\N	medium	\N	{}	2025-11-07 16:36:39.801886+03	f	1
347	create	Created Complaint List	General	\N	medium	\N	{}	2025-11-07 16:36:48.064113+03	f	1
348	login	Admin User accessed dashboard	Dashboard	\N	low	\N	{}	2025-11-09 10:25:59.449634+03	f	1
349	create	Created Api Role Permissions	Role	\N	medium	\N	{}	2025-11-09 10:29:04.945871+03	f	1
350	login	Test User accessed dashboard	Dashboard	\N	low	\N	{}	2025-11-09 11:38:50.358827+03	f	20
351	login	Test User accessed dashboard	Dashboard	\N	low	\N	{}	2025-11-09 11:40:54.014141+03	f	20
352	login	Test User accessed dashboard	Dashboard	\N	low	\N	{}	2025-11-09 11:42:07.768018+03	f	20
353	login	Test User accessed dashboard	Dashboard	\N	low	\N	{}	2025-11-09 11:42:28.488797+03	f	20
354	login	Test User accessed dashboard	Dashboard	\N	low	\N	{}	2025-11-09 11:48:06.206688+03	f	20
355	login	Admin User accessed dashboard	Dashboard	\N	low	\N	{}	2025-11-09 11:49:59.537112+03	f	1
356	login	Admin User accessed dashboard	Dashboard	\N	low	\N	{}	2025-11-09 11:50:36.477585+03	f	1
357	create	Created Update User Roles Ajax	User	\N	medium	\N	{}	2025-11-09 11:52:21.839612+03	f	1
358	create	Created Update User Roles Ajax	User	\N	medium	\N	{}	2025-11-09 11:52:35.501641+03	f	1
359	create	Created Update User Roles Ajax	User	\N	medium	\N	{}	2025-11-09 11:56:52.331873+03	f	1
360	create	Created Update User Roles Ajax	User	\N	medium	\N	{}	2025-11-09 11:57:07.076281+03	f	1
361	create	Created Update User Roles Ajax	User	\N	medium	\N	{}	2025-11-09 11:58:33.775183+03	f	1
362	create	Created Update User Roles Ajax	User	\N	medium	\N	{}	2025-11-09 12:00:14.439108+03	f	1
363	create	Created Update User Roles Ajax	User	\N	medium	\N	{}	2025-11-09 12:15:35.571677+03	f	1
364	create	Created Update User Roles Ajax	User	\N	medium	\N	{}	2025-11-09 12:15:43.54801+03	f	1
365	login	Test User accessed dashboard	Dashboard	\N	low	\N	{}	2025-11-09 12:16:02.807115+03	f	20
366	login	Admin User accessed dashboard	Dashboard	\N	low	\N	{}	2025-11-09 12:21:35.76034+03	f	1
367	login	Admin User accessed dashboard	Dashboard	\N	low	\N	{}	2025-11-09 12:43:07.116179+03	f	1
368	create	Created Api Role Permissions	Role	\N	medium	\N	{}	2025-11-09 12:46:00.739456+03	f	1
369	login	Test User accessed dashboard	Dashboard	\N	low	\N	{}	2025-11-09 12:52:32.334319+03	f	20
370	login	Admin User accessed dashboard	Dashboard	\N	low	\N	{}	2025-11-09 12:53:11.983586+03	f	1
371	create	Created Api Role Permissions	Role	\N	medium	\N	{}	2025-11-09 12:53:58.747516+03	f	1
372	login	Test User accessed dashboard	Dashboard	\N	low	\N	{}	2025-11-09 12:54:17.693716+03	f	20
373	login	Test User accessed dashboard	Dashboard	\N	low	\N	{}	2025-11-09 12:54:25.486423+03	f	20
374	login	Admin User accessed dashboard	Dashboard	\N	low	\N	{}	2025-11-09 12:54:36.571865+03	f	1
375	create	Created Api Role Permissions	Role	\N	medium	\N	{}	2025-11-09 12:55:47.934704+03	f	1
376	login	Test User accessed dashboard	Dashboard	\N	low	\N	{}	2025-11-09 12:56:05.594995+03	f	20
377	login	Admin User accessed dashboard	Dashboard	\N	low	\N	{}	2025-11-09 12:56:30.043706+03	f	1
378	create	Created Api Role Permissions	Role	\N	medium	\N	{}	2025-11-09 12:57:29.087471+03	f	1
379	login	Admin User accessed dashboard	Dashboard	\N	low	\N	{}	2025-11-09 12:57:47.535052+03	f	1
380	login	Test User accessed dashboard	Dashboard	\N	low	\N	{}	2025-11-09 12:57:57.927989+03	f	20
381	login	Admin User accessed dashboard	Dashboard	\N	low	\N	{}	2025-11-09 12:58:19.059383+03	f	1
382	create	Created Api Role Permissions	Role	\N	medium	\N	{}	2025-11-09 12:59:40.52225+03	f	1
383	login	Test User accessed dashboard	Dashboard	\N	low	\N	{}	2025-11-09 13:03:28.949055+03	f	20
384	login	Admin User accessed dashboard	Dashboard	\N	low	\N	{}	2025-11-09 13:04:09.316915+03	f	1
385	login	Admin User accessed dashboard	Dashboard	\N	low	\N	{}	2025-11-09 13:05:12.454281+03	f	1
386	create	Created Api Role Permissions	Role	\N	medium	\N	{}	2025-11-09 13:11:18.347744+03	f	1
387	login	Test User accessed dashboard	Dashboard	\N	low	\N	{}	2025-11-09 13:14:46.476969+03	f	20
388	login	Test User accessed dashboard	Dashboard	\N	low	\N	{}	2025-11-09 13:19:26.685344+03	f	20
389	create	Created Request List	General	\N	medium	\N	{}	2025-11-09 13:19:32.817495+03	f	20
390	create	Created Request List	General	\N	medium	\N	{}	2025-11-09 14:35:23.287564+03	f	20
391	login	Admin User accessed dashboard	Dashboard	\N	low	\N	{}	2025-11-09 15:56:35.6943+03	f	1
392	login	Test User accessed dashboard	Dashboard	\N	low	\N	{}	2025-11-09 17:01:25.000049+03	f	20
393	login	Admin User accessed dashboard	Dashboard	\N	low	\N	{}	2025-11-10 20:23:03.250969+03	f	1
394	login	Admin User accessed dashboard	Dashboard	\N	low	\N	{}	2025-11-10 20:23:06.296402+03	f	1
395	create	Created Request List	General	\N	medium	\N	{}	2025-11-10 20:35:24.885063+03	f	1
396	login	Admin User accessed dashboard	Dashboard	\N	low	\N	{}	2025-11-11 10:08:52.495943+03	f	1
397	login	Admin User accessed dashboard	Dashboard	\N	low	\N	{}	2025-11-11 18:08:33.154755+03	f	1
398	login	Admin User accessed dashboard	Dashboard	\N	low	\N	{}	2025-11-11 18:08:50.678136+03	f	1
399	login	Admin User accessed dashboard	Dashboard	\N	low	\N	{}	2025-11-11 18:22:01.123953+03	f	1
400	create	Created Api Role Permissions	Role	\N	medium	\N	{}	2025-11-11 18:23:38.020602+03	f	1
401	create	Created Request List	General	\N	medium	\N	{}	2025-11-11 19:00:58.347668+03	f	1
402	login	Admin User accessed dashboard	Dashboard	\N	low	\N	{}	2025-11-11 19:01:13.401334+03	f	1
403	login	Admin User accessed dashboard	Dashboard	\N	low	\N	{}	2025-11-12 10:58:27.749389+03	f	1
404	login	Admin User accessed dashboard	Dashboard	\N	low	\N	{}	2025-11-12 11:00:46.694716+03	f	1
405	create	Created Request List	General	\N	medium	\N	{}	2025-11-12 11:02:30.97925+03	f	1
406	create	Created Request List	General	\N	medium	\N	{}	2025-11-12 11:02:37.156528+03	f	1
407	create	Created Request List	General	\N	medium	\N	{}	2025-11-12 11:02:42.328719+03	f	1
408	create	Created Complaint List	General	\N	medium	\N	{}	2025-11-12 11:02:53.832965+03	f	1
409	create	Created Complaint List	General	\N	medium	\N	{}	2025-11-12 11:03:01.207603+03	f	1
410	login	Admin User accessed dashboard	Dashboard	\N	low	\N	{}	2025-11-12 11:03:06.318497+03	f	1
411	create	Created Api Property Type Update	Property	\N	medium	\N	{}	2025-11-12 11:04:10.920419+03	f	1
412	create	Created Api Property Type Delete	Property	\N	medium	\N	{}	2025-11-12 11:04:47.878786+03	f	1
413	login	Admin User accessed dashboard	Dashboard	\N	low	\N	{}	2025-11-12 11:05:44.34787+03	f	1
414	create	Created Property Edit	Property	\N	medium	\N	{}	2025-11-12 11:08:40.776806+03	f	1
415	create	Created Property Edit	Property	\N	medium	\N	{}	2025-11-12 11:13:24.996666+03	f	1
416	create	Created Property Edit	Property	\N	medium	\N	{}	2025-11-12 11:13:31.301133+03	f	1
417	create	Created Property Edit	Property	\N	medium	\N	{}	2025-11-12 11:13:35.402765+03	f	1
418	create	Created Toggle Favorite	General	\N	medium	\N	{}	2025-11-12 11:18:27.6287+03	f	1
419	create	Created Toggle Favorite	General	\N	medium	\N	{}	2025-11-12 11:18:32.245652+03	f	1
420	login	Admin User accessed dashboard	Dashboard	\N	low	\N	{}	2025-11-12 11:18:35.583129+03	f	1
421	create	Created Property Edit	Property	\N	medium	\N	{}	2025-11-12 11:18:46.579439+03	f	1
422	create	Created Property Edit	Property	\N	medium	\N	{}	2025-11-12 11:19:06.158587+03	f	1
423	login	Admin User accessed dashboard	Dashboard	\N	low	\N	{}	2025-11-12 11:19:12.758092+03	f	1
424	create	Created Property Edit	Property	\N	medium	\N	{}	2025-11-12 11:19:40.29137+03	f	1
425	create	Created Property Edit	Property	\N	medium	\N	{}	2025-11-12 11:22:17.023953+03	f	1
426	create	Created Property Edit	Property	\N	medium	\N	{}	2025-11-12 11:22:21.555708+03	f	1
427	create	Created Property Edit	Property	\N	medium	\N	{}	2025-11-12 11:25:49.234801+03	f	1
428	create	Created Property Edit	Property	\N	medium	\N	{}	2025-11-12 11:26:12.13774+03	f	1
429	create	Created Property Edit	Property	\N	medium	\N	{}	2025-11-12 11:26:20.35834+03	f	1
430	create	Created Property Edit	Property	\N	medium	\N	{}	2025-11-12 11:26:32.447081+03	f	1
431	create	Created Property Edit	Property	\N	medium	\N	{}	2025-11-12 11:27:19.580142+03	f	1
432	create	Created Property Edit	Property	\N	medium	\N	{}	2025-11-12 11:30:56.322017+03	f	1
433	create	Created Property Edit	Property	\N	medium	\N	{}	2025-11-12 11:34:34.78474+03	f	1
434	create	Created Property Edit	Property	\N	medium	\N	{}	2025-11-12 11:37:10.381623+03	f	1
435	create	Created Property Edit	Property	\N	medium	\N	{}	2025-11-12 11:40:04.178284+03	f	1
436	create	Created Property Edit	Property	\N	medium	\N	{}	2025-11-12 11:40:25.126843+03	f	1
437	create	Created Property Edit	Property	\N	medium	\N	{}	2025-11-12 11:41:16.154117+03	f	1
438	create	Created Property Edit	Property	\N	medium	\N	{}	2025-11-12 11:41:24.458696+03	f	1
439	create	Created Property Edit	Property	\N	medium	\N	{}	2025-11-12 11:41:45.000799+03	f	1
440	create	Created Property Edit	Property	\N	medium	\N	{}	2025-11-12 11:41:53.672055+03	f	1
441	create	Created Property Edit	Property	\N	medium	\N	{}	2025-11-12 11:44:44.161488+03	f	1
442	create	Created Property Edit	Property	\N	medium	\N	{}	2025-11-12 11:44:50.891854+03	f	1
443	create	Created Property Edit	Property	\N	medium	\N	{}	2025-11-12 11:47:45.075064+03	f	1
444	create	Created Property Edit	Property	\N	medium	\N	{}	2025-11-12 11:48:43.928474+03	f	1
445	create	Created Property Edit	Property	\N	medium	\N	{}	2025-11-12 11:48:52.972851+03	f	1
446	create	Created Property Edit	Property	\N	medium	\N	{}	2025-11-12 11:49:05.69576+03	f	1
447	create	Created Property Edit	Property	\N	medium	\N	{}	2025-11-12 11:51:55.063885+03	f	1
448	create	Created Property Edit	Property	\N	medium	\N	{}	2025-11-12 11:52:03.815823+03	f	1
449	create	Created Property Edit	Property	\N	medium	\N	{}	2025-11-12 11:52:12.252928+03	f	1
450	create	Created Property Edit	Property	\N	medium	\N	{}	2025-11-12 11:52:23.086991+03	f	1
451	create	Created Property Edit	Property	\N	medium	\N	{}	2025-11-12 12:03:18.301087+03	f	1
452	create	Created Property Edit	Property	\N	medium	\N	{}	2025-11-12 12:28:17.618324+03	f	1
453	create	Created Property Edit	Property	\N	medium	\N	{}	2025-11-12 12:28:35.41734+03	f	1
454	create	Created Property Edit	Property	\N	medium	\N	{}	2025-11-12 12:28:59.546376+03	f	1
455	create	Created Property Edit	Property	\N	medium	\N	{}	2025-11-12 12:29:20.127075+03	f	1
456	create	Created Property Edit	Property	\N	medium	\N	{}	2025-11-12 12:29:20.224975+03	f	1
457	create	Created Property Edit	Property	\N	medium	\N	{}	2025-11-12 12:29:27.744311+03	f	1
458	create	Created Property Edit	Property	\N	medium	\N	{}	2025-11-12 12:29:27.882046+03	f	1
459	create	Created Property Edit	Property	\N	medium	\N	{}	2025-11-12 13:03:46.345019+03	f	1
460	create	Created Property Edit	Property	\N	medium	\N	{}	2025-11-12 13:03:51.949925+03	f	1
461	login	Admin User accessed dashboard	Dashboard	\N	low	\N	{}	2025-11-12 13:05:54.567469+03	f	1
462	create	Created Property Edit	Property	\N	medium	\N	{}	2025-11-12 13:06:04.812127+03	f	1
463	create	Created Property Edit	Property	\N	medium	\N	{}	2025-11-12 13:11:01.561927+03	f	1
464	create	Created Property Edit	Property	\N	medium	\N	{}	2025-11-12 13:13:42.813713+03	f	1
465	create	Created Property Edit	Property	\N	medium	\N	{}	2025-11-12 13:14:13.852094+03	f	1
466	create	Created Property Edit	Property	\N	medium	\N	{}	2025-11-12 13:14:23.528881+03	f	1
467	create	Created Property Edit	Property	\N	medium	\N	{}	2025-11-12 13:16:15.558207+03	f	1
468	create	Created Property Edit	Property	\N	medium	\N	{}	2025-11-12 13:16:20.813826+03	f	1
469	create	Created Property Edit	Property	\N	medium	\N	{}	2025-11-12 13:16:25.9197+03	f	1
470	create	Created Property Edit	Property	\N	medium	\N	{}	2025-11-12 13:17:46.654225+03	f	1
471	create	Created Property Edit	Property	\N	medium	\N	{}	2025-11-12 13:17:52.055995+03	f	1
472	create	Created Property Edit	Property	\N	medium	\N	{}	2025-11-12 13:17:55.56898+03	f	1
473	create	Created Property Edit	Property	\N	medium	\N	{}	2025-11-12 13:20:44.121833+03	f	1
474	create	Created Property Edit	Property	\N	medium	\N	{}	2025-11-12 13:20:52.966187+03	f	1
475	create	Created Api Property Toggle Status	Property	\N	medium	\N	{}	2025-11-12 13:45:46.201857+03	f	1
476	create	Created Api Property Toggle Status	Property	\N	medium	\N	{}	2025-11-12 13:45:53.874054+03	f	1
477	create	Created Toggle Favorite	General	\N	medium	\N	{}	2025-11-12 13:58:21.940963+03	f	1
478	create	Created Toggle Favorite	General	\N	medium	\N	{}	2025-11-12 13:58:26.217254+03	f	1
479	login	Admin User accessed dashboard	Dashboard	\N	low	\N	{}	2025-11-12 16:04:54.372662+03	f	1
480	login	Admin User accessed dashboard	Dashboard	\N	low	\N	{}	2025-11-13 09:50:20.172876+03	f	1
481	login	Admin User accessed dashboard	Dashboard	\N	low	\N	{}	2025-11-13 09:56:54.898523+03	f	1
482	update	Updated Api Update Tenant Profile	User	\N	medium	\N	{}	2025-11-13 12:13:36.330114+03	f	1
483	create	Created Api Verify Token	General	\N	medium	\N	{}	2025-11-13 12:13:36.341231+03	f	1
484	create	Created Api Tenant Logout	General	\N	medium	\N	{}	2025-11-13 12:13:36.345247+03	f	1
485	create	Created Property Search	Property	\N	medium	\N	{}	2025-11-13 12:13:36.410441+03	f	1
486	login	Updated User accessed dashboard	Dashboard	\N	low	\N	{}	2025-11-13 20:13:13.344083+03	f	1
487	login	Updated User accessed dashboard	Dashboard	\N	low	\N	{}	2025-11-14 11:48:48.924758+03	f	1
488	login	Updated User accessed dashboard	Dashboard	\N	low	\N	{}	2025-11-14 19:43:10.618311+03	f	1
489	login	Updated User accessed dashboard	Dashboard	\N	low	\N	{}	2025-11-15 01:46:30.718571+03	f	1
490	create	Created Api User Toggle Status	User	\N	medium	\N	{}	2025-11-15 02:21:32.735247+03	f	1
491	create	Created Api User Toggle Status	User	\N	medium	\N	{}	2025-11-15 02:21:51.201383+03	f	1
492	create	Created Api User Toggle Status	User	\N	medium	\N	{}	2025-11-15 02:24:58.457267+03	f	1
493	create	Created Api User Toggle Status	User	\N	medium	\N	{}	2025-11-15 02:25:06.081323+03	f	1
494	create	Created Api User Toggle Approval	User	\N	medium	\N	{}	2025-11-15 02:25:20.466346+03	f	1
495	create	Created Api User Toggle Approval	User	\N	medium	\N	{}	2025-11-15 02:25:30.035709+03	f	1
496	login	Test User accessed dashboard	Dashboard	\N	low	\N	{}	2025-11-15 08:40:17.835651+03	f	20
497	login	Updated User accessed dashboard	Dashboard	\N	low	\N	{}	2025-11-15 08:50:27.052106+03	f	1
498	create	Created Api User Reset Password	User	\N	medium	\N	{}	2025-11-15 09:12:38.88128+03	f	1
499	login	Test User accessed dashboard	Dashboard	\N	low	\N	{}	2025-11-15 09:13:32.408541+03	f	20
500	login	Updated User accessed dashboard	Dashboard	\N	low	\N	{}	2025-11-15 09:13:43.42689+03	f	1
501	login	Test User accessed dashboard	Dashboard	\N	low	\N	{}	2025-11-15 09:13:56.13023+03	f	20
502	login	Updated User accessed dashboard	Dashboard	\N	low	\N	{}	2025-11-15 09:16:14.542188+03	f	1
503	login	Updated User accessed dashboard	Dashboard	\N	low	\N	{}	2025-11-15 10:17:38.825469+03	f	1
504	login	Updated User accessed dashboard	Dashboard	\N	low	\N	{}	2025-11-15 10:29:58.090701+03	f	1
505	create	Created Api Notification Mark All Read	General	\N	medium	\N	{}	2025-11-15 10:53:07.720418+03	f	1
506	login	Updated User accessed dashboard	Dashboard	\N	low	\N	{}	2025-11-15 10:53:35.093661+03	f	1
507	login	Updated User accessed dashboard	Dashboard	\N	low	\N	{}	2025-11-15 16:18:40.73565+03	f	1
508	login	Updated User accessed dashboard	Dashboard	\N	low	\N	{}	2025-11-16 12:55:56.24089+03	f	1
509	login	Updated User accessed dashboard	Dashboard	\N	low	\N	{}	2025-11-17 07:22:31.459085+03	f	1
510	login	Updated User accessed dashboard	Dashboard	\N	low	\N	{}	2025-11-17 09:15:35.014492+03	f	1
511	create	Created Property Create	Property	\N	medium	\N	{}	2025-11-17 09:16:47.254875+03	f	1
512	create	Created Property Edit	Property	\N	medium	\N	{}	2025-11-17 09:18:16.340479+03	f	1
513	create	Created Property Edit	Property	\N	medium	\N	{}	2025-11-17 09:19:06.891447+03	f	1
514	create	Created Property Edit	Property	\N	medium	\N	{}	2025-11-17 09:20:23.419423+03	f	1
515	login	Updated User accessed dashboard	Dashboard	\N	low	\N	{}	2025-11-17 09:27:10.059418+03	f	1
516	create	Created Toggle Favorite	General	\N	medium	\N	{}	2025-11-17 09:27:38.054955+03	f	1
517	create	Created Toggle Favorite	General	\N	medium	\N	{}	2025-11-17 09:27:40.048379+03	f	1
518	create	Created Property Edit	Property	\N	medium	\N	{}	2025-11-17 09:28:10.225242+03	f	1
519	create	Created Property Edit	Property	\N	medium	\N	{}	2025-11-17 09:28:18.478009+03	f	1
520	create	Created Property Edit	Property	\N	medium	\N	{}	2025-11-17 09:28:23.708005+03	f	1
521	create	Created Toggle Favorite	General	\N	medium	\N	{}	2025-11-17 09:28:37.683652+03	f	1
522	create	Created Toggle Favorite	General	\N	medium	\N	{}	2025-11-17 09:28:40.268632+03	f	1
523	create	Created Property Edit	Property	\N	medium	\N	{}	2025-11-17 09:28:57.946437+03	f	1
524	login	Updated User accessed dashboard	Dashboard	\N	low	\N	{}	2025-11-17 09:29:45.475114+03	f	1
525	create	Created Property Edit	Property	\N	medium	\N	{}	2025-11-17 09:29:59.129266+03	f	1
526	create	Created Property Edit	Property	\N	medium	\N	{}	2025-11-17 09:33:43.867887+03	f	1
527	create	Created Property Edit	Property	\N	medium	\N	{}	2025-11-17 09:33:49.633992+03	f	1
528	create	Created Property Edit	Property	\N	medium	\N	{}	2025-11-17 09:40:23.793841+03	f	1
529	create	Created Property Edit	Property	\N	medium	\N	{}	2025-11-17 09:40:37.538995+03	f	1
530	create	Created Property Edit	Property	\N	medium	\N	{}	2025-11-17 09:42:31.690106+03	f	1
531	create	Created Property Edit	Property	\N	medium	\N	{}	2025-11-17 09:47:43.10242+03	f	1
532	create	Created Property Edit	Property	\N	medium	\N	{}	2025-11-17 09:47:51.63569+03	f	1
533	create	Created Property Edit	Property	\N	medium	\N	{}	2025-11-17 09:48:17.337474+03	f	1
534	create	Created Property Edit	Property	\N	medium	\N	{}	2025-11-17 09:50:22.447252+03	f	1
535	create	Created Property Edit	Property	\N	medium	\N	{}	2025-11-17 09:50:30.42346+03	f	1
536	login	Updated User accessed dashboard	Dashboard	\N	low	\N	{}	2025-11-17 09:53:23.088948+03	f	1
537	create	Created Property Edit	Property	\N	medium	\N	{}	2025-11-17 09:55:15.477175+03	f	1
538	create	Created Property Edit	Property	\N	medium	\N	{}	2025-11-17 09:56:22.290065+03	f	1
539	create	Created Property Edit	Property	\N	medium	\N	{}	2025-11-17 09:56:28.13279+03	f	1
540	login	Updated User accessed dashboard	Dashboard	\N	low	\N	{}	2025-11-17 09:59:05.420691+03	f	1
541	create	Created Property Edit	Property	\N	medium	\N	{}	2025-11-17 10:00:02.744459+03	f	1
542	create	Created Property Edit	Property	\N	medium	\N	{}	2025-11-17 10:02:57.955261+03	f	1
543	create	Created Property Edit	Property	\N	medium	\N	{}	2025-11-17 10:03:09.365953+03	f	1
544	create	Created Property Edit	Property	\N	medium	\N	{}	2025-11-17 10:06:51.501683+03	f	1
545	create	Created Property Edit	Property	\N	medium	\N	{}	2025-11-17 10:07:20.395913+03	f	1
546	create	Created Property Edit	Property	\N	medium	\N	{}	2025-11-17 10:07:47.762334+03	f	1
547	create	Created Property Edit	Property	\N	medium	\N	{}	2025-11-17 10:09:42.774367+03	f	1
548	create	Created Property Edit	Property	\N	medium	\N	{}	2025-11-17 10:10:14.488374+03	f	1
549	create	Created Property Edit	Property	\N	medium	\N	{}	2025-11-17 10:10:14.587039+03	f	1
550	create	Created Property Edit	Property	\N	medium	\N	{}	2025-11-17 10:10:54.221501+03	f	1
551	create	Created Property Edit	Property	\N	medium	\N	{}	2025-11-17 10:10:54.301033+03	f	1
552	create	Created Property Edit	Property	\N	medium	\N	{}	2025-11-17 10:11:01.217933+03	f	1
553	create	Created Property Edit	Property	\N	medium	\N	{}	2025-11-17 10:11:01.322332+03	f	1
554	create	Created Property Edit	Property	\N	medium	\N	{}	2025-11-17 10:11:05.996334+03	f	1
555	create	Created Property Edit	Property	\N	medium	\N	{}	2025-11-17 10:11:06.090571+03	f	1
556	create	Created Property Edit	Property	\N	medium	\N	{}	2025-11-17 10:11:11.094888+03	f	1
557	create	Created Property Edit	Property	\N	medium	\N	{}	2025-11-17 10:11:11.21393+03	f	1
558	create	Created Property Edit	Property	\N	medium	\N	{}	2025-11-17 10:14:13.468728+03	f	1
559	create	Created Property Edit	Property	\N	medium	\N	{}	2025-11-17 10:14:13.601185+03	f	1
560	create	Created Property Edit	Property	\N	medium	\N	{}	2025-11-17 10:14:16.021065+03	f	1
561	create	Created Property Edit	Property	\N	medium	\N	{}	2025-11-17 10:14:16.031066+03	f	1
562	create	Created Property Edit	Property	\N	medium	\N	{}	2025-11-17 10:14:18.281919+03	f	1
563	create	Created Property Edit	Property	\N	medium	\N	{}	2025-11-17 10:14:18.410238+03	f	1
564	create	Created Property Edit	Property	\N	medium	\N	{}	2025-11-17 10:14:20.653191+03	f	1
565	create	Created Property Edit	Property	\N	medium	\N	{}	2025-11-17 10:14:20.778891+03	f	1
566	create	Created Property Edit	Property	\N	medium	\N	{}	2025-11-17 10:14:23.030013+03	f	1
567	create	Created Property Edit	Property	\N	medium	\N	{}	2025-11-17 10:14:23.247977+03	f	1
568	create	Created Property Edit	Property	\N	medium	\N	{}	2025-11-17 10:14:25.49341+03	f	1
569	create	Created Property Edit	Property	\N	medium	\N	{}	2025-11-17 10:14:25.613235+03	f	1
570	create	Created Property Edit	Property	\N	medium	\N	{}	2025-11-17 10:14:27.869487+03	f	1
571	create	Created Property Edit	Property	\N	medium	\N	{}	2025-11-17 10:14:28.000613+03	f	1
572	create	Created Property Edit	Property	\N	medium	\N	{}	2025-11-17 10:14:30.245122+03	f	1
573	create	Created Property Edit	Property	\N	medium	\N	{}	2025-11-17 10:14:30.409816+03	f	1
574	create	Created Property Edit	Property	\N	medium	\N	{}	2025-11-17 10:14:32.649393+03	f	1
575	create	Created Property Edit	Property	\N	medium	\N	{}	2025-11-17 10:14:32.778984+03	f	1
576	create	Created Property Edit	Property	\N	medium	\N	{}	2025-11-17 10:14:35.007605+03	f	1
577	create	Created Property Edit	Property	\N	medium	\N	{}	2025-11-17 10:14:35.124772+03	f	1
578	create	Created Property Edit	Property	\N	medium	\N	{}	2025-11-17 10:14:37.405407+03	f	1
579	create	Created Property Edit	Property	\N	medium	\N	{}	2025-11-17 10:14:37.608055+03	f	1
580	create	Created Property Edit	Property	\N	medium	\N	{}	2025-11-17 10:14:39.840874+03	f	1
581	create	Created Property Edit	Property	\N	medium	\N	{}	2025-11-17 10:14:39.94348+03	f	1
582	create	Created Property Edit	Property	\N	medium	\N	{}	2025-11-17 10:14:42.158008+03	f	1
583	create	Created Property Edit	Property	\N	medium	\N	{}	2025-11-17 10:14:42.289511+03	f	1
584	create	Created Property Edit	Property	\N	medium	\N	{}	2025-11-17 10:14:44.599533+03	f	1
585	create	Created Property Edit	Property	\N	medium	\N	{}	2025-11-17 10:14:44.702743+03	f	1
586	create	Created Property Edit	Property	\N	medium	\N	{}	2025-11-17 10:14:47.093114+03	f	1
587	create	Created Property Edit	Property	\N	medium	\N	{}	2025-11-17 10:14:47.115114+03	f	1
588	create	Created Property Edit	Property	\N	medium	\N	{}	2025-11-17 10:14:49.347797+03	f	1
589	create	Created Property Edit	Property	\N	medium	\N	{}	2025-11-17 10:14:49.475654+03	f	1
590	create	Created Property Edit	Property	\N	medium	\N	{}	2025-11-17 10:14:51.71283+03	f	1
591	create	Created Property Edit	Property	\N	medium	\N	{}	2025-11-17 10:14:51.818403+03	f	1
592	create	Created Property Edit	Property	\N	medium	\N	{}	2025-11-17 10:14:54.213509+03	f	1
593	create	Created Property Edit	Property	\N	medium	\N	{}	2025-11-17 10:14:54.223432+03	f	1
594	create	Created Property Edit	Property	\N	medium	\N	{}	2025-11-17 10:14:56.486994+03	f	1
595	create	Created Property Edit	Property	\N	medium	\N	{}	2025-11-17 10:14:56.634837+03	f	1
596	create	Created Property Edit	Property	\N	medium	\N	{}	2025-11-17 10:14:58.986177+03	f	1
597	create	Created Property Edit	Property	\N	medium	\N	{}	2025-11-17 10:14:59.015191+03	f	1
598	create	Created Property Edit	Property	\N	medium	\N	{}	2025-11-17 10:15:01.377311+03	f	1
599	create	Created Property Edit	Property	\N	medium	\N	{}	2025-11-17 10:15:01.401324+03	f	1
600	create	Created Property Edit	Property	\N	medium	\N	{}	2025-11-17 10:15:03.62185+03	f	1
601	create	Created Property Edit	Property	\N	medium	\N	{}	2025-11-17 10:15:03.762626+03	f	1
602	create	Created Property Edit	Property	\N	medium	\N	{}	2025-11-17 10:15:06.920754+03	f	1
603	create	Created Property Edit	Property	\N	medium	\N	{}	2025-11-17 10:15:09.938143+03	f	1
604	create	Created Property Edit	Property	\N	medium	\N	{}	2025-11-17 10:15:12.941248+03	f	1
605	create	Created Property Edit	Property	\N	medium	\N	{}	2025-11-17 10:15:15.93619+03	f	1
606	create	Created Property Edit	Property	\N	medium	\N	{}	2025-11-17 10:15:18.911489+03	f	1
607	create	Created Property Edit	Property	\N	medium	\N	{}	2025-11-17 10:15:21.933484+03	f	1
608	create	Created Property Edit	Property	\N	medium	\N	{}	2025-11-17 10:15:24.921418+03	f	1
609	create	Created Property Edit	Property	\N	medium	\N	{}	2025-11-17 10:15:27.947434+03	f	1
610	create	Created Property Edit	Property	\N	medium	\N	{}	2025-11-17 10:15:30.971134+03	f	1
611	create	Created Property Edit	Property	\N	medium	\N	{}	2025-11-17 10:15:33.97953+03	f	1
612	create	Created Property Edit	Property	\N	medium	\N	{}	2025-11-17 10:15:36.986106+03	f	1
613	create	Created Property Edit	Property	\N	medium	\N	{}	2025-11-17 10:15:39.967481+03	f	1
614	create	Created Property Edit	Property	\N	medium	\N	{}	2025-11-17 10:15:43.083177+03	f	1
615	create	Created Property Edit	Property	\N	medium	\N	{}	2025-11-17 10:15:45.98344+03	f	1
616	create	Created Property Edit	Property	\N	medium	\N	{}	2025-11-17 10:15:48.96448+03	f	1
617	create	Created Property Edit	Property	\N	medium	\N	{}	2025-11-17 10:15:51.991934+03	f	1
618	create	Created Property Edit	Property	\N	medium	\N	{}	2025-11-17 10:15:54.951225+03	f	1
619	create	Created Property Edit	Property	\N	medium	\N	{}	2025-11-17 10:15:57.953995+03	f	1
620	create	Created Property Edit	Property	\N	medium	\N	{}	2025-11-17 10:16:00.98473+03	f	1
621	create	Created Property Edit	Property	\N	medium	\N	{}	2025-11-17 10:16:03.973729+03	f	1
622	create	Created Property Edit	Property	\N	medium	\N	{}	2025-11-17 10:16:06.980908+03	f	1
623	create	Created Property Edit	Property	\N	medium	\N	{}	2025-11-17 10:16:10.109706+03	f	1
624	create	Created Property Edit	Property	\N	medium	\N	{}	2025-11-17 10:16:12.96357+03	f	1
625	create	Created Property Edit	Property	\N	medium	\N	{}	2025-11-17 10:16:15.969178+03	f	1
626	create	Created Api Property Type Update	Property	\N	medium	\N	{}	2025-11-17 10:28:49.956668+03	f	1
627	login	Updated User accessed dashboard	Dashboard	\N	low	\N	{}	2025-11-17 10:29:20.424384+03	f	1
628	create	Created Api Region Update	General	\N	medium	\N	{}	2025-11-17 10:29:37.634544+03	f	1
629	login	Updated User accessed dashboard	Dashboard	\N	low	\N	{}	2025-11-17 11:27:35.315516+03	f	1
630	create	Created Api Venue Booking Status	General	\N	medium	\N	{}	2025-11-17 11:34:38.953004+03	f	1
631	create	Created Complaint List	General	\N	medium	\N	{}	2025-11-17 12:03:09.733411+03	f	1
632	login	Updated User accessed dashboard	Dashboard	\N	low	\N	{}	2025-11-18 04:49:36.826091+03	f	1
633	login	Updated User accessed dashboard	Dashboard	\N	low	\N	{}	2025-11-18 04:52:34.869446+03	f	1
634	login	Updated User accessed dashboard	Dashboard	\N	low	\N	{}	2025-11-18 07:34:04.278509+03	f	1
635	login	Updated User accessed dashboard	Dashboard	\N	low	\N	{}	2025-11-18 07:36:11.753158+03	f	1
636	login	Updated User accessed dashboard	Dashboard	\N	low	\N	{}	2025-11-18 08:14:50.024965+03	f	1
637	login	Updated User accessed dashboard	Dashboard	\N	low	\N	{}	2025-11-18 08:15:11.881263+03	f	1
638	login	Updated User accessed dashboard	Dashboard	\N	low	\N	{}	2025-11-18 08:48:32.083139+03	f	1
639	create	Created Api Property Type Update	Property	\N	medium	\N	{}	2025-11-18 09:35:54.612279+03	f	1
640	login	Updated User accessed dashboard	Dashboard	\N	low	\N	{}	2025-11-18 09:36:45.701327+03	f	1
641	login	Updated User accessed dashboard	Dashboard	\N	low	\N	{}	2025-11-18 15:05:48.306825+03	f	1
642	login	Updated User accessed dashboard	Dashboard	\N	low	\N	{}	2025-11-18 15:40:23.450123+03	f	1
643	login	Updated User accessed dashboard	Dashboard	\N	low	\N	{}	2025-11-18 16:05:14.671037+03	f	1
644	login	Updated User accessed dashboard	Dashboard	\N	low	\N	{}	2025-11-18 16:05:40.636817+03	f	1
645	login	Updated User accessed dashboard	Dashboard	\N	low	\N	{}	2025-11-18 16:11:00.142786+03	f	1
646	login	Updated User accessed dashboard	Dashboard	\N	low	\N	{}	2025-11-18 16:11:29.071848+03	f	1
647	login	Updated User accessed dashboard	Dashboard	\N	low	\N	{}	2025-11-18 16:11:31.158715+03	f	1
648	login	Updated User accessed dashboard	Dashboard	\N	low	\N	{}	2025-11-18 16:15:25.493715+03	f	1
649	login	Updated User accessed dashboard	Dashboard	\N	low	\N	{}	2025-11-18 16:19:27.503417+03	f	1
650	login	Updated User accessed dashboard	Dashboard	\N	low	\N	{}	2025-11-18 16:19:29.192159+03	f	1
651	login	Updated User accessed dashboard	Dashboard	\N	low	\N	{}	2025-11-18 16:19:30.231831+03	f	1
652	login	Updated User accessed dashboard	Dashboard	\N	low	\N	{}	2025-11-19 03:13:43.926658+03	f	1
653	update	Updated District Detail	General	\N	medium	\N	{}	2025-11-19 03:31:13.318931+03	f	1
654	update	Updated District Detail	General	\N	medium	\N	{}	2025-11-19 03:33:31.485738+03	f	1
655	login	Updated User accessed dashboard	Dashboard	\N	low	\N	{}	2025-11-19 03:45:25.712689+03	f	1
656	create	Created Api Notification Delete	General	\N	medium	\N	{}	2025-11-19 03:48:15.440238+03	f	1
657	create	Created Complaint List	General	\N	medium	\N	{}	2025-11-19 03:48:31.6362+03	f	1
658	create	Created Complaint List	General	\N	medium	\N	{}	2025-11-19 03:48:44.762716+03	f	1
659	create	Created Complaint List	General	\N	medium	\N	{}	2025-11-19 03:55:21.132114+03	f	1
660	create	Created Complaint List	General	\N	medium	\N	{}	2025-11-19 03:55:45.341585+03	f	1
661	login	Updated User accessed dashboard	Dashboard	\N	low	\N	{}	2025-11-19 03:56:20.556513+03	f	1
662	login	Updated User accessed dashboard	Dashboard	\N	low	\N	{}	2025-11-19 03:58:08.578602+03	f	1
663	login	Updated User accessed dashboard	Dashboard	\N	low	\N	{}	2025-11-19 04:00:53.033135+03	f	1
664	login	Updated User accessed dashboard	Dashboard	\N	low	\N	{}	2025-11-19 04:01:33.45537+03	f	1
665	login	Updated User accessed dashboard	Dashboard	\N	low	\N	{}	2025-11-19 04:01:34.956711+03	f	1
666	create	Created Api User Update	User	\N	medium	\N	{}	2025-11-19 04:32:54.468761+03	f	1
667	login	Alfred Kajirunga accessed dashboard	Dashboard	\N	low	\N	{}	2025-11-19 04:33:08.118884+03	f	1
668	create	Created Api User Reset Password	User	\N	medium	\N	{}	2025-11-19 07:09:29.062753+03	f	1
669	create	Created Api User Reset Password	User	\N	medium	\N	{}	2025-11-19 07:09:29.841188+03	f	1
670	login	Alfred Kajirunga accessed dashboard	Dashboard	\N	low	\N	{}	2025-11-19 07:10:13.383627+03	f	21
671	login	Alfred Kajirunga accessed dashboard	Dashboard	\N	low	\N	{}	2025-11-19 07:11:14.349437+03	f	1
672	create	Created Api Role Permissions	Role	\N	medium	\N	{}	2025-11-19 07:12:19.146688+03	f	1
673	login	Alfred Kajirunga accessed dashboard	Dashboard	\N	low	\N	{}	2025-11-19 07:12:23.481363+03	f	21
674	login	Alfred Kajirunga accessed dashboard	Dashboard	\N	low	\N	{}	2025-11-19 07:14:46.848649+03	f	21
675	login	Alfred Kajirunga accessed dashboard	Dashboard	\N	low	\N	{}	2025-11-19 07:14:51.020575+03	f	21
676	create	Created Api Role Permissions	Role	\N	medium	\N	{}	2025-11-19 07:15:23.777359+03	f	1
677	login	Alfred Kajirunga accessed dashboard	Dashboard	\N	low	\N	{}	2025-11-19 07:15:26.613848+03	f	21
678	login	Alfred Kajirunga accessed dashboard	Dashboard	\N	low	\N	{}	2025-11-19 07:34:31.44877+03	f	21
679	login	Alfred Kajirunga accessed dashboard	Dashboard	\N	low	\N	{}	2025-11-19 07:40:04.326347+03	f	1
680	create	Created Property Create	Property	\N	medium	\N	{}	2025-11-19 07:55:41.202641+03	f	21
681	login	Alfred Kajirunga accessed dashboard	Dashboard	\N	low	\N	{}	2025-11-19 08:11:30.150236+03	f	1
682	create	Created Property Create	Property	\N	medium	\N	{}	2025-11-19 08:48:43.062876+03	f	21
683	create	Created Property Create	Property	\N	medium	\N	{}	2025-11-19 08:49:06.897391+03	f	21
684	create	Created Property Create	Property	\N	medium	\N	{}	2025-11-19 08:49:20.284131+03	f	21
685	login	Alfred Kajirunga accessed dashboard	Dashboard	\N	low	\N	{}	2025-11-19 08:51:23.105595+03	f	21
686	create	Created Property Create	Property	\N	medium	\N	{}	2025-11-19 09:20:13.986493+03	f	21
687	create	Created Property Create	Property	\N	medium	\N	{}	2025-11-19 09:25:33.226718+03	f	21
688	create	Created Property Create	Property	\N	medium	\N	{}	2025-11-19 09:26:10.210221+03	f	21
689	create	Created Property Create	Property	\N	medium	\N	{}	2025-11-19 09:28:23.698414+03	f	21
690	create	Created Property Create	Property	\N	medium	\N	{}	2025-11-19 09:30:27.008902+03	f	21
691	create	Created Property Create	Property	\N	medium	\N	{}	2025-11-19 09:32:01.614008+03	f	21
692	create	Created Property Create	Property	\N	medium	\N	{}	2025-11-19 09:32:07.867586+03	f	21
693	create	Created Property Create	Property	\N	medium	\N	{}	2025-11-19 09:32:13.344392+03	f	21
694	create	Created Property Create	Property	\N	medium	\N	{}	2025-11-19 09:32:19.576482+03	f	21
695	create	Created Property Create	Property	\N	medium	\N	{}	2025-11-19 09:38:01.693991+03	f	21
696	create	Created Property Create	Property	\N	medium	\N	{}	2025-11-19 09:38:05.32978+03	f	21
697	create	Created Property Create	Property	\N	medium	\N	{}	2025-11-19 09:38:23.025+03	f	21
698	create	Created Property Create	Property	\N	medium	\N	{}	2025-11-19 09:39:39.856427+03	f	21
699	login	Alfred Kajirunga accessed dashboard	Dashboard	\N	low	\N	{}	2025-11-19 09:40:04.986929+03	f	1
700	create	Created Property Create	Property	\N	medium	\N	{}	2025-11-19 09:41:20.065321+03	f	1
701	create	Created Property Create	Property	\N	medium	\N	{}	2025-11-19 09:41:33.316702+03	f	1
702	login	Alfred Kajirunga accessed dashboard	Dashboard	\N	low	\N	{}	2025-11-19 10:26:47.182211+03	f	1
703	login	Alfred Kajirunga accessed dashboard	Dashboard	\N	low	\N	{}	2025-11-19 11:41:03.030126+03	f	1
704	login	Alfred Kajirunga accessed dashboard	Dashboard	\N	low	\N	{}	2025-11-19 11:41:11.615213+03	f	1
705	login	Alfred Kajirunga accessed dashboard	Dashboard	\N	low	\N	{}	2025-11-19 11:55:55.825086+03	f	1
706	login	Alfred Kajirunga accessed dashboard	Dashboard	\N	low	\N	{}	2025-11-19 12:00:06.174059+03	f	1
707	login	Alfred Kajirunga accessed dashboard	Dashboard	\N	low	\N	{}	2025-11-19 12:00:07.484862+03	f	1
708	login	Alfred Kajirunga accessed dashboard	Dashboard	\N	low	\N	{}	2025-11-19 12:14:13.885917+03	f	1
709	login	Alfred Kajirunga accessed dashboard	Dashboard	\N	low	\N	{}	2025-11-20 05:14:17.598952+03	f	1
710	login	Alfred Kajirunga accessed dashboard	Dashboard	\N	low	\N	{}	2025-11-20 05:14:49.132086+03	f	1
711	create	Created Property Image Add	Property	\N	medium	\N	{}	2025-11-20 08:53:36.193893+03	f	1
712	create	Created Property Image Delete	Property	\N	medium	\N	{}	2025-11-20 09:14:04.21861+03	f	1
713	create	Created Property Image Add	Property	\N	medium	\N	{}	2025-11-20 09:47:19.86027+03	f	1
714	create	Created Property Image Set Primary	Property	\N	medium	\N	{}	2025-11-20 09:47:32.491757+03	f	1
715	create	Created Api Property Toggle Status	Property	\N	medium	\N	{}	2025-11-20 09:48:31.180937+03	f	1
716	login	Alfred Kajirunga accessed dashboard	Dashboard	\N	low	\N	{}	2025-11-20 11:15:18.262159+03	f	1
717	login	Alfred Kajirunga accessed dashboard	Dashboard	\N	low	\N	{}	2025-11-20 13:03:27.718882+03	f	1
718	login	Alfred Kajirunga accessed dashboard	Dashboard	\N	low	\N	{}	2025-11-22 11:48:44.723579+03	f	1
719	create	Created Update User Roles Ajax	User	\N	medium	\N	{}	2025-11-22 11:49:00.623283+03	f	1
720	create	Created Api User Update	User	\N	medium	\N	{}	2025-11-22 11:49:39.03783+03	f	1
721	create	Created Api User Reset Password	User	\N	medium	\N	{}	2025-11-22 11:50:03.244978+03	f	1
722	create	Created Api User Reset Password	User	\N	medium	\N	{}	2025-11-22 11:50:03.672359+03	f	1
723	login	Wewe Wewe accessed dashboard	Dashboard	\N	low	\N	{}	2025-11-22 11:51:21.34561+03	f	19
724	create	Created Api Role Delete	Role	\N	medium	\N	{}	2025-11-22 12:52:55.998808+03	f	1
725	create	Created Api Role Delete	Role	\N	medium	\N	{}	2025-11-22 12:58:59.583265+03	f	1
726	login	Alfred Kajirunga accessed dashboard	Dashboard	\N	low	\N	{}	2025-11-22 13:12:35.94532+03	f	1
727	login	Alfred Kajirunga accessed dashboard	Dashboard	\N	low	\N	{}	2025-11-22 13:21:16.225066+03	f	1
728	login	Wewe Wewe accessed dashboard	Dashboard	\N	low	\N	{}	2025-11-22 14:01:19.720677+03	f	19
729	login	Alfred Kajirunga accessed dashboard	Dashboard	\N	low	\N	{}	2025-11-23 07:42:47.398404+03	f	1
730	login	Alfred Kajirunga accessed dashboard	Dashboard	\N	low	\N	{}	2025-11-23 07:42:49.998012+03	f	1
731	login	Alfred Kajirunga accessed dashboard	Dashboard	\N	low	\N	{}	2025-11-23 07:51:00.712967+03	f	1
732	login	Alfred Kajirunga accessed dashboard	Dashboard	\N	low	\N	{}	2025-11-23 07:51:03.953624+03	f	1
733	create	Created Api Notification Delete	General	\N	medium	\N	{}	2025-11-23 07:51:18.780882+03	f	1
734	create	Created Api Notification Delete	General	\N	medium	\N	{}	2025-11-23 07:51:22.054128+03	f	1
735	create	Created Api Notification Delete	General	\N	medium	\N	{}	2025-11-23 07:51:27.096107+03	f	1
736	login	Alfred Kajirunga accessed dashboard	Dashboard	\N	low	\N	{}	2025-11-23 07:51:33.006624+03	f	1
737	login	Alfred Kajirunga accessed dashboard	Dashboard	\N	low	\N	{}	2025-11-23 07:53:43.904081+03	f	1
738	login	Alfred Kajirunga accessed dashboard	Dashboard	\N	low	\N	{}	2025-11-23 08:28:15.671144+03	f	1
739	login	Alfred Kajirunga accessed dashboard	Dashboard	\N	low	\N	{}	2025-11-23 08:28:18.707286+03	f	1
740	login	Alfred Kajirunga accessed dashboard	Dashboard	\N	low	\N	{}	2025-11-23 17:03:02.68207+03	f	1
741	login	Alfred Kajirunga accessed dashboard	Dashboard	\N	low	\N	{}	2025-11-24 18:16:08.696761+03	f	1
742	login	Alfred Kajirunga accessed dashboard	Dashboard	\N	low	\N	{}	2025-11-27 07:25:30.715431+03	f	1
743	login	Alfred Kajirunga accessed dashboard	Dashboard	\N	low	\N	{}	2025-11-27 07:46:40.630195+03	f	1
744	create	Created Api Visit Payment Initiate	Payment	\N	medium	\N	{}	2025-11-27 07:59:04.956287+03	f	1
745	create	Created Property Image Add	Property	\N	medium	\N	{}	2025-11-27 08:03:18.826875+03	f	1
746	login	Alfred Kajirunga accessed dashboard	Dashboard	\N	low	\N	{}	2025-11-27 14:21:48.058578+03	f	1
747	create	Created Api Visit Payment Initiate	Payment	\N	medium	\N	{}	2025-11-27 14:22:06.664756+03	f	1
748	login	Alfred Kajirunga accessed dashboard	Dashboard	\N	low	\N	{}	2025-11-28 03:53:59.743505+03	f	1
749	login	Alfred Kajirunga accessed dashboard	Dashboard	\N	low	\N	{}	2025-11-28 07:13:03.887136+03	f	1
750	login	Alfred Kajirunga accessed dashboard	Dashboard	\N	low	\N	{}	2025-11-28 20:48:42.423513+03	f	1
751	login	Alfred Kajirunga accessed dashboard	Dashboard	\N	low	\N	{}	2025-11-29 19:26:37.707092+03	f	1
752	login	Alfred Kajirunga accessed dashboard	Dashboard	\N	low	\N	{}	2025-11-29 19:32:39.644221+03	f	1
753	login	Alfred Kajirunga accessed dashboard	Dashboard	\N	low	\N	{}	2025-11-29 20:40:39.970979+03	f	1
754	login	Alfred Kajirunga accessed dashboard	Dashboard	\N	low	\N	{}	2025-11-30 12:09:07.579254+03	f	1
755	login	Alfred Kajirunga accessed dashboard	Dashboard	\N	low	\N	{}	2025-12-02 11:20:28.749924+03	f	1
756	create	Created Api User Reset Password	User	\N	medium	\N	{}	2025-12-02 11:26:45.163065+03	f	1
757	create	Created Api User Reset Password	User	\N	medium	\N	{}	2025-12-02 11:26:45.850938+03	f	1
758	login	july july accessed dashboard	Dashboard	\N	low	\N	{}	2025-12-02 11:27:17.554668+03	f	22
759	login	Alfred Kajirunga accessed dashboard	Dashboard	\N	low	\N	{}	2025-12-02 11:30:29.707745+03	f	1
760	create	Created Api User Reset Password	User	\N	medium	\N	{}	2025-12-02 11:52:49.352623+03	f	1
761	create	Created Api User Reset Password	User	\N	medium	\N	{}	2025-12-02 11:52:50.157787+03	f	1
\.


--
-- Data for Name: accounts_customrole; Type: TABLE DATA; Schema: public; Owner: postgres
--

COPY public.accounts_customrole (id, name, description, created_at, updated_at) FROM stdin;
2	Property Manager	Manages properties and tenant relationships	2025-10-20 15:29:17.219239+03	2025-10-20 15:29:17.219239+03
3	Property Owner	Owns properties and can view reports	2025-10-20 15:29:17.22124+03	2025-10-20 15:29:17.22124+03
4	Tenant	Property tenant with limited access	2025-10-20 15:29:17.222239+03	2025-10-20 15:29:17.222239+03
1	Admin	Full system administrator with all permissions	2025-10-20 15:29:17.216239+03	2025-11-30 12:07:46.977188+03
7	Manager	Property manager with limited user management permissions - can only view and manage users they created	2025-11-19 07:19:01.971072+03	2025-11-30 12:07:47.032427+03
8	Property owner	Property owner with limited property and tenant management permissions	2025-11-19 07:19:01.986072+03	2025-11-30 12:07:47.049496+03
\.


--
-- Data for Name: accounts_customrole_permissions; Type: TABLE DATA; Schema: public; Owner: postgres
--

COPY public.accounts_customrole_permissions (id, customrole_id, permission_id) FROM stdin;
547	1	13
548	1	14
549	1	15
550	1	16
551	1	9
552	1	10
553	1	11
554	1	12
555	1	5
556	1	6
557	1	7
558	1	8
559	1	25
560	1	26
561	1	27
562	1	28
563	1	29
564	1	30
565	1	31
566	1	32
567	1	4
568	1	1
569	1	2
570	1	3
571	1	17
572	1	18
573	1	19
574	1	20
575	1	21
576	1	22
577	1	23
578	1	24
579	7	13
580	7	16
581	7	14
582	7	25
583	7	26
584	7	28
585	7	64
586	7	176
587	7	164
588	7	96
589	7	136
201	4	64
202	4	157
203	4	133
204	4	164
205	4	180
590	7	148
591	7	140
592	7	112
593	8	16
222	3	176
223	4	56
224	4	60
225	4	52
226	4	80
227	4	76
228	4	73
229	4	75
230	4	176
231	4	173
232	4	174
233	4	124
234	4	128
235	4	120
236	4	132
237	4	84
238	4	92
239	4	177
240	4	104
241	4	88
242	4	136
243	4	134
244	4	135
245	4	172
246	4	169
247	4	170
248	4	160
249	4	112
251	4	116
252	4	28
253	4	26
254	3	26
594	8	28
595	8	26
596	8	64
597	8	61
598	8	62
599	8	176
600	8	164
601	8	96
602	8	148
603	8	140
604	8	112
\.


--
-- Data for Name: accounts_navigationitem; Type: TABLE DATA; Schema: public; Owner: postgres
--

COPY public.accounts_navigationitem (id, name, display_name, icon, url_name, "order", is_active, created_at, parent_id) FROM stdin;
1	dashboard	Dashboard	<svg viewBox="0 0 24 24" fill="none"><path d="M3 13h8V3H3v10zM13 21h8v-8h-8v8zM13 3v8h8V3h-8zM3 21h8v-6H3v6z" fill="#666"/></svg>	accounts:dashboard	1	t	2025-10-22 07:08:24.466847+03	\N
2	rent	Rent	<svg viewBox="0 0 24 24" fill="none"><path d="M12 3L2 9l10 6 10-6-10-6zM2 17l10 6 10-6" fill="#666"/></svg>	#	2	t	2025-10-22 07:08:24.489269+03	\N
4	houses	Houses	<svg viewBox="0 0 24 24" fill="none"><path d="M12 3l10 9h-3v9h-6v-6H11v6H5v-9H2z" fill="#666"/></svg>	#	4	t	2025-10-22 07:08:24.494786+03	\N
5	user_management	User Management	<svg viewBox="0 0 24 24" fill="none"><path d="M16 11c1.66 0 2.99-1.34 2.99-3S17.66 5 16 5s-3 1.34-3 3 1.34 3 3 3zM6 11c1.66 0 3-1.34 3-3S7.66 5 6 5 3 6.34 3 8s1.34 3 3 3zM6 13c-2.33 0-7 1.17-7 3.5V20h14v-3.5C13 14.17 8.33 13 6 13zM16 13c-.29 0-.62.02-.97.05 1.16.84 1.97 1.95 1.97 3.45V20h6v-3.5c0-2.33-4.67-3.5-6-3.5z" fill="#666"/></svg>	#	5	t	2025-10-22 07:08:24.497783+03	\N
6	complaints	Complaints & Feedback	<svg viewBox="0 0 24 24" fill="none"><path d="M12 9v3.75m0-10.036A11.959 11.959 0 013.598 6 11.99 11.99 0 003 9.75c0 5.592 3.824 10.29 9 11.622 5.176-1.332 9-6.03 9-11.622 0-1.31-.21-2.57-.598-3.75A11.959 11.959 0 0112 2.764zM12 15.75h.007v.008H12v-.008z" stroke="#666" stroke-width="1.5" stroke-linecap="round" stroke-linejoin="round" fill="none"/></svg>	#	6	t	2025-10-22 07:08:24.499781+03	\N
7	reports	Reports	<svg viewBox="0 0 24 24" fill="none"><path d="M3 3h18v2H3V3zm0 16h18v2H3v-2zM7 7h10v10H7V7z" fill="#666"/></svg>	#	7	t	2025-10-22 07:08:24.502782+03	\N
8	documents	Documents	<svg viewBox="0 0 24 24" fill="none"><path d="M14 2H6a2 2 0 0 0-2 2v16a2 2 0 0 0 2 2h12a2 2 0 0 0 2-2V8l-6-6zM14 3.5L18.5 8H14V3.5z" fill="#666"/></svg>	#	8	t	2025-10-22 07:08:24.504785+03	\N
9	feedback	Feedback	<svg viewBox="0 0 24 24" fill="none"><path d="M21 6h-2v9H7l-4 4V6a2 2 0 0 1 2-2h14a2 2 0 0 1 2 2z" fill="#666"/></svg>	#	8	t	2025-10-22 07:08:24.505784+03	\N
10	houses_list	All Houses	<div class="shine"></div>	accounts:houses_list	1	t	2025-10-22 07:08:24.509786+03	4
11	my_houses	My Houses	<div class="shine"></div>	accounts:my_houses	2	t	2025-10-22 07:08:24.515786+03	4
12	house_create	Add House	<div class="shine"></div>	accounts:house_create	3	t	2025-10-22 07:08:24.516784+03	4
13	house_manage_metadata	Manage Metadata	<div class="shine"></div>	accounts:house_manage_metadata	4	t	2025-10-22 07:08:24.519291+03	4
14	role_list	Role	<div class="shine"></div>	accounts:role_list	1	t	2025-10-22 07:08:24.521294+03	5
15	user_list	User	<div class="shine"></div>	accounts:user_list	2	t	2025-10-22 07:08:24.523294+03	5
16	manage_permissions	Permission	<div class="shine"></div>	accounts:manage_permissions	3	t	2025-10-22 07:08:24.525294+03	5
17	complaints_dashboard	Dashboard	<div class="shine"></div>	complaints:complaint_list	1	t	2025-10-22 07:08:24.526294+03	6
18	complaints_list	All Complaints	<div class="shine"></div>	complaints:complaint_list	2	t	2025-10-22 07:08:24.529812+03	6
19	create_complaint	Create Complaint	<div class="shine"></div>	complaints:complaint_create	3	t	2025-10-22 07:08:24.531805+03	6
20	feedback_list	All Feedback	<div class="shine"></div>	complaints:feedback_list	4	t	2025-10-22 07:08:24.533806+03	6
21	give_feedback	Give Feedback	<div class="shine"></div>	complaints:feedback_create	5	t	2025-10-22 07:08:24.536807+03	6
22	properties	Properties	<i class="fas fa-home"></i>	#	2	t	2025-11-09 10:25:18.615708+03	\N
23	manage_properties	Manage Properties	<i class="fas fa-cogs"></i>	#	3	t	2025-11-09 10:25:18.62271+03	\N
24	maintenance	Maintenance	<i class="fas fa-tools"></i>	#	5	t	2025-11-09 10:25:18.623709+03	\N
25	property_list	All Properties		properties:property_list	1	t	2025-11-09 10:25:18.625708+03	22
26	configure_property	Configure Property		#	2	t	2025-11-09 10:25:18.627708+03	22
27	manage_property_types	Property Types		properties:manage_property_types	1	t	2025-11-09 10:25:18.628709+03	26
28	manage_regions	Regions		properties:manage_regions	2	t	2025-11-09 10:25:18.629708+03	26
29	manage_amenities	Amenities		properties:manage_amenities	3	t	2025-11-09 10:25:18.631709+03	26
30	house_rent_reminder_settings	Reminder Settings	<i class="fas fa-bell"></i>	properties:house_rent_reminder_settings	3	t	2025-11-09 10:25:18.632708+03	22
31	hotel_management	Hotel Management		#	1	t	2025-11-09 10:25:18.635713+03	23
32	hotel_dashboard	Dashboard		properties:hotel_dashboard	1	t	2025-11-09 10:25:18.636711+03	31
33	hotel_bookings	Bookings		properties:hotel_bookings	2	t	2025-11-09 10:25:18.637709+03	31
34	hotel_rooms	Room Status		properties:hotel_rooms	3	t	2025-11-09 10:25:18.639711+03	31
35	hotel_customers	Customers		properties:hotel_customers	4	t	2025-11-09 10:25:18.640711+03	31
36	hotel_payments	Payments		properties:hotel_payments	5	t	2025-11-09 10:25:18.64271+03	31
37	hotel_reports	Reports		properties:hotel_reports	6	t	2025-11-09 10:25:18.644709+03	31
38	lodge_management	Lodge Management		#	2	t	2025-11-09 10:25:18.64671+03	23
39	lodge_dashboard	Dashboard		properties:lodge_dashboard	1	t	2025-11-09 10:25:18.647708+03	38
40	lodge_bookings	Bookings		properties:lodge_bookings	2	t	2025-11-09 10:25:18.649709+03	38
41	lodge_rooms	Room Status		properties:lodge_rooms	3	t	2025-11-09 10:25:18.651712+03	38
42	lodge_customers	Customers		properties:lodge_customers	4	t	2025-11-09 10:25:18.65371+03	38
43	lodge_payments	Payments		properties:lodge_payments	5	t	2025-11-09 10:25:18.654708+03	38
44	lodge_reports	Reports		properties:lodge_reports	6	t	2025-11-09 10:25:18.657709+03	38
45	venue_management	Venue Management		#	3	t	2025-11-09 10:25:18.65971+03	23
46	venue_dashboard	Dashboard		properties:venue_dashboard	1	t	2025-11-09 10:25:18.660709+03	45
47	venue_bookings	Bookings		properties:venue_bookings	2	t	2025-11-09 10:25:18.662709+03	45
48	venue_availability	Availability		properties:venue_availability	3	t	2025-11-09 10:25:18.664709+03	45
49	venue_customers	Customers		properties:venue_customers	4	t	2025-11-09 10:25:18.66671+03	45
50	venue_payments	Payments		properties:venue_payments	5	t	2025-11-09 10:25:18.668709+03	45
51	venue_reports	Reports		properties:venue_reports	6	t	2025-11-09 10:25:18.670709+03	45
52	house_management	House Management		#	4	t	2025-11-09 10:25:18.671709+03	23
53	house_dashboard	Dashboard		properties:house_dashboard	1	t	2025-11-09 10:25:18.67371+03	52
54	house_bookings	Bookings		properties:house_bookings	2	t	2025-11-09 10:25:18.674709+03	52
55	house_tenants	Tenants		properties:house_tenants	3	t	2025-11-09 10:25:18.676709+03	52
56	house_payments	Payments		properties:house_payments	4	t	2025-11-09 10:25:18.678709+03	52
57	house_reports	Reports		properties:house_reports	5	t	2025-11-09 10:25:18.680711+03	52
58	request_list	All Requests		maintenance:request_list	1	t	2025-11-09 10:25:18.686709+03	24
59	complaint_list	All Complaints		complaints:complaint_list	1	t	2025-11-09 10:25:18.68771+03	6
60	owner_list	Owner Management		accounts:owner_list	2	t	2025-11-10 09:29:30.850449+03	5
\.


--
-- Data for Name: accounts_notification; Type: TABLE DATA; Schema: public; Owner: postgres
--

COPY public.accounts_notification (id, notification_type, title, message, is_read, read_at, created_at, metadata, read_by_id, related_user_id, user_id) FROM stdin;
5	password_reset	Password Reset Completed for Wewe Wewe	Password has been reset to default for Wewe Wewe (wewe@example.com) by Alfred Kajirunga.	t	2025-11-22 11:50:03.66935+03	2025-11-22 11:50:03.66935+03	{"email": "wewe@example.com", "user_id": 19, "reset_by": 1, "username": "wewe"}	1	19	\N
6	password_reset	Password Reset Completed for july july	Password has been reset to default for july july (july@maisha.com) by Alfred Kajirunga.	t	2025-12-02 11:26:45.154281+03	2025-12-02 11:26:45.154281+03	{"email": "july@maisha.com", "user_id": 22, "reset_by": 1, "username": "july"}	1	22	\N
7	password_reset	Password Reset Completed for july july	Password has been reset to default for july july (july@maisha.com) by Alfred Kajirunga.	t	2025-12-02 11:26:45.84577+03	2025-12-02 11:26:45.84674+03	{"email": "july@maisha.com", "user_id": 22, "reset_by": 1, "username": "july"}	1	22	\N
8	password_reset	Password Reset Completed for Alfred Kajirunga	Password has been reset to default for Alfred Kajirunga (mimi@gmail.com) by Alfred Kajirunga.	t	2025-12-02 11:52:49.34661+03	2025-12-02 11:52:49.347624+03	{"email": "mimi@gmail.com", "user_id": 21, "reset_by": 1, "username": "alfred"}	1	21	\N
9	password_reset	Password Reset Completed for Alfred Kajirunga	Password has been reset to default for Alfred Kajirunga (mimi@gmail.com) by Alfred Kajirunga.	t	2025-12-02 11:52:50.154812+03	2025-12-02 11:52:50.154812+03	{"email": "mimi@gmail.com", "user_id": 21, "reset_by": 1, "username": "alfred"}	1	21	\N
\.


--
-- Data for Name: accounts_profile; Type: TABLE DATA; Schema: public; Owner: postgres
--

COPY public.accounts_profile (id, phone, image, user_id, approved_at, approved_by_id, is_approved, role, deactivated_at, deactivated_by_id, deactivation_reason, is_deactivated) FROM stdin;
3	+254712345680		3	\N	\N	f	tenant	\N	\N	\N	f
5	+254712345682		5	\N	\N	f	tenant	\N	\N	\N	f
6	+254712345683		6	\N	\N	f	tenant	\N	\N	\N	f
15	0788412511	user_21/1.webp	21	2025-11-10 20:36:26.069577+03	1	t	owner	\N	\N	\N	f
1	+254712345678	user_1/Abdul.png	1	\N	\N	f	tenant	\N	\N	\N	f
2	+254712345681		2	\N	\N	f	tenant	\N	\N	\N	f
4	+254712345684		4	\N	\N	f	tenant	\N	\N	\N	f
12	+254712345685		17	2025-10-27 20:46:50.646372+03	\N	t	tenant	\N	\N	\N	f
11	+254712345686		16	\N	\N	f	tenant	\N	\N	\N	f
8	\N		8	\N	\N	f	tenant	\N	\N	\N	f
9	\N		15	\N	\N	f	tenant	\N	\N	\N	f
10	\N		11	\N	\N	f	tenant	\N	\N	\N	f
14	\N		20	\N	\N	f	tenant	\N	\N	\N	f
13	\N		19	2025-11-15 02:25:20.458183+03	1	t	tenant	\N	\N	\N	f
16	\N		22	2025-11-22 13:13:37.764571+03	1	t	owner	\N	\N	\N	f
\.


--
-- Data for Name: accounts_rolenavigationpermission; Type: TABLE DATA; Schema: public; Owner: postgres
--

COPY public.accounts_rolenavigationpermission (id, can_access, created_at, navigation_item_id, role_id) FROM stdin;
82	t	2025-11-09 10:29:04.907853+03	17	1
83	t	2025-11-09 10:29:04.911886+03	1	1
84	t	2025-11-09 10:29:04.913853+03	10	1
85	t	2025-11-09 10:29:04.915853+03	14	1
86	t	2025-11-09 10:29:04.917854+03	18	1
87	t	2025-11-09 10:29:04.919853+03	11	1
88	t	2025-11-09 10:29:04.921871+03	2	1
89	t	2025-11-09 10:29:04.923856+03	15	1
90	t	2025-11-09 10:29:04.925854+03	19	1
91	t	2025-11-09 10:29:04.927853+03	12	1
92	t	2025-11-09 10:29:04.928872+03	16	1
93	t	2025-11-09 10:29:04.930854+03	20	1
94	t	2025-11-09 10:29:04.932853+03	13	1
95	t	2025-11-09 10:29:04.934853+03	4	1
96	t	2025-11-09 10:29:04.936853+03	21	1
97	t	2025-11-09 10:29:04.937853+03	5	1
98	t	2025-11-09 10:29:04.939879+03	6	1
99	t	2025-11-09 10:29:04.940853+03	7	1
100	t	2025-11-09 10:29:04.942853+03	8	1
101	t	2025-11-09 10:29:04.944853+03	9	1
102	t	2025-11-09 10:42:30.38659+03	59	1
103	t	2025-11-09 10:42:30.39359+03	32	1
104	t	2025-11-09 10:42:30.395591+03	31	1
105	t	2025-11-09 10:42:30.397592+03	53	1
106	t	2025-11-09 10:42:30.399591+03	39	1
107	t	2025-11-09 10:42:30.400591+03	27	1
108	t	2025-11-09 10:42:30.402591+03	25	1
109	t	2025-11-09 10:42:30.40359+03	58	1
110	t	2025-11-09 10:42:30.404591+03	46	1
111	t	2025-11-09 10:42:30.406591+03	26	1
112	t	2025-11-09 10:42:30.40759+03	33	1
113	t	2025-11-09 10:42:30.408591+03	54	1
114	t	2025-11-09 10:42:30.40959+03	40	1
115	t	2025-11-09 10:42:30.410591+03	38	1
116	t	2025-11-09 10:42:30.41159+03	28	1
117	t	2025-11-09 10:42:30.41259+03	22	1
118	t	2025-11-09 10:42:30.414591+03	47	1
119	t	2025-11-09 10:42:30.416591+03	34	1
120	t	2025-11-09 10:42:30.417591+03	30	1
121	t	2025-11-09 10:42:30.41859+03	55	1
122	t	2025-11-09 10:42:30.420591+03	41	1
123	t	2025-11-09 10:42:30.421591+03	29	1
124	t	2025-11-09 10:42:30.423591+03	23	1
125	t	2025-11-09 10:42:30.424591+03	48	1
126	t	2025-11-09 10:42:30.426591+03	45	1
127	t	2025-11-09 10:42:30.42859+03	35	1
128	t	2025-11-09 10:42:30.429591+03	52	1
129	t	2025-11-09 10:42:30.43059+03	56	1
130	t	2025-11-09 10:42:30.43259+03	42	1
131	t	2025-11-09 10:42:30.433591+03	49	1
132	t	2025-11-09 10:42:30.435591+03	36	1
133	t	2025-11-09 10:42:30.43659+03	57	1
134	t	2025-11-09 10:42:30.437591+03	43	1
135	t	2025-11-09 10:42:30.43859+03	24	1
136	t	2025-11-09 10:42:30.43959+03	50	1
137	t	2025-11-09 10:42:30.44159+03	37	1
138	t	2025-11-09 10:42:30.442591+03	44	1
139	t	2025-11-09 10:42:30.443592+03	51	1
254	t	2025-11-10 09:29:56.890485+03	60	1
262	t	2025-11-15 16:04:03.939808+03	1	4
263	t	2025-11-15 16:04:03.967003+03	22	4
264	t	2025-11-15 16:04:03.971005+03	25	4
265	t	2025-11-15 16:04:03.975271+03	2	4
266	t	2025-11-15 16:04:03.97926+03	24	4
267	t	2025-11-15 16:04:03.98227+03	6	4
268	t	2025-11-15 16:04:03.985268+03	59	4
269	t	2025-11-15 16:04:03.98927+03	19	4
270	t	2025-11-15 16:04:03.992266+03	8	4
271	t	2025-11-15 16:04:03.99426+03	4	4
272	t	2025-11-15 16:04:03.997268+03	10	4
273	t	2025-11-15 16:04:04.00026+03	58	4
274	t	2025-11-15 16:04:04.003269+03	9	4
275	t	2025-11-15 16:04:04.005776+03	20	4
276	t	2025-11-15 16:04:04.009362+03	21	4
285	t	2025-11-19 07:15:23.763375+03	32	3
286	t	2025-11-19 07:15:23.766359+03	31	3
287	t	2025-11-19 07:15:23.768383+03	33	3
288	t	2025-11-19 07:15:23.770358+03	34	3
289	t	2025-11-19 07:15:23.771375+03	35	3
290	t	2025-11-19 07:15:23.773359+03	36	3
291	t	2025-11-19 07:15:23.774359+03	37	3
\.


--
-- Data for Name: accounts_userrole; Type: TABLE DATA; Schema: public; Owner: postgres
--

COPY public.accounts_userrole (id, assigned_at, assigned_by_id, role_id, user_id) FROM stdin;
1	2025-10-20 15:29:17.578852+03	\N	1	1
2	2025-10-20 15:29:17.904314+03	\N	2	2
3	2025-10-20 15:29:18.231599+03	\N	3	3
4	2025-10-20 15:29:18.56076+03	\N	4	4
5	2025-10-20 15:29:18.879839+03	\N	4	5
7	2025-10-27 20:31:27.001986+03	\N	4	16
8	2025-10-27 20:48:23.204688+03	\N	4	17
14	2025-11-10 20:36:26.079604+03	1	3	21
15	2025-11-19 07:27:38.511473+03	21	8	21
16	2025-11-22 11:49:00.595533+03	1	7	19
17	2025-11-22 13:13:37.78748+03	1	3	22
\.


--
-- Data for Name: amenities; Type: TABLE DATA; Schema: public; Owner: postgres
--

COPY public.amenities (id, name, description, icon, created_at, updated_at) FROM stdin;
1	WiFi	\N	\N	2025-10-22 03:11:45.63048+03	2025-10-22 03:11:45.63048+03
2	Parking	\N	\N	2025-10-22 03:11:45.634478+03	2025-10-22 03:11:45.634478+03
3	Swimming Pool	\N	\N	2025-10-22 03:11:45.637856+03	2025-10-22 03:11:45.637856+03
4	Gym	\N	\N	2025-10-22 03:11:45.640378+03	2025-10-22 03:11:45.640378+03
6	Balcony	\N	\N	2025-10-22 03:11:45.644692+03	2025-10-22 03:11:45.644692+03
7	Garden	\N	\N	2025-10-22 03:11:45.647691+03	2025-10-22 03:11:45.647691+03
8	Security	\N	\N	2025-10-22 03:11:45.650886+03	2025-10-22 03:11:45.650886+03
9	Elevator	\N	\N	2025-10-22 03:11:45.656129+03	2025-10-22 03:11:45.656129+03
10	Pet Friendly	\N	\N	2025-10-22 03:11:45.659132+03	2025-10-22 03:11:45.659132+03
11	Furnished	\N	\N	2025-10-22 03:11:45.661126+03	2025-10-22 03:11:45.661126+03
13	Pool	\N	\N	2025-10-22 03:14:26.020713+03	2025-10-22 03:14:26.020713+03
5	Air Conditioning		ac	2025-10-22 03:11:45.641683+03	2025-10-28 17:49:03.888775+03
14	Utilities Included		\N	2025-10-28 17:49:59.654851+03	2025-10-28 17:49:59.654851+03
\.


--
-- Data for Name: auth_group; Type: TABLE DATA; Schema: public; Owner: postgres
--

COPY public.auth_group (id, name) FROM stdin;
1	Admin
2	Property Manager
3	Property Owner
4	Tenant
5	Maintenance Staff
6	Test Limited Role
7	Manager
8	Property owner
9	Property manager
\.


--
-- Data for Name: auth_group_permissions; Type: TABLE DATA; Schema: public; Owner: postgres
--

COPY public.auth_group_permissions (id, group_id, permission_id) FROM stdin;
87	6	96
88	6	64
89	6	133
90	6	136
91	6	105
92	6	169
93	6	176
94	6	116
95	6	149
96	6	152
97	6	88
98	6	184
534	1	1
535	1	2
101	9	14
102	9	16
103	9	25
104	9	26
105	9	28
536	1	3
537	1	4
538	1	5
539	1	6
540	1	7
541	1	8
542	1	9
543	1	10
544	1	11
545	1	12
546	1	13
547	1	14
548	1	15
549	1	16
550	1	17
551	1	18
552	1	19
553	1	20
554	1	21
555	1	22
556	1	23
557	1	24
558	1	25
559	1	26
560	1	27
561	1	28
562	1	29
563	1	30
564	1	31
565	1	32
566	7	96
567	7	64
568	7	164
569	7	136
570	7	140
571	7	13
572	7	14
573	7	16
574	7	112
575	7	176
576	7	148
577	7	25
578	7	26
579	7	28
580	8	96
581	8	64
582	8	164
583	8	140
584	8	16
585	8	112
586	8	176
587	8	148
588	8	26
589	8	28
590	8	61
591	8	62
592	3	176
593	3	26
594	4	128
595	4	132
596	4	133
597	4	134
598	4	135
599	4	136
600	4	26
601	4	28
602	4	157
603	4	160
604	4	164
605	4	169
606	4	170
607	4	172
608	4	173
609	4	174
610	4	176
611	4	177
612	4	52
613	4	180
614	4	56
615	4	60
616	4	64
617	4	73
618	4	75
619	4	76
620	4	80
621	4	84
622	4	88
623	4	92
624	4	104
625	4	112
626	4	116
627	4	120
628	4	124
629	9	96
630	9	64
631	9	164
632	9	136
633	9	140
634	9	13
635	9	112
636	9	176
637	9	148
\.


--
-- Data for Name: auth_permission; Type: TABLE DATA; Schema: public; Owner: postgres
--

COPY public.auth_permission (id, name, content_type_id, codename) FROM stdin;
1	Can add log entry	1	add_logentry
2	Can change log entry	1	change_logentry
3	Can delete log entry	1	delete_logentry
4	Can view log entry	1	view_logentry
5	Can add permission	2	add_permission
6	Can change permission	2	change_permission
7	Can delete permission	2	delete_permission
8	Can view permission	2	view_permission
9	Can add group	3	add_group
10	Can change group	3	change_group
11	Can delete group	3	delete_group
12	Can view group	3	view_group
13	Can add user	4	add_user
14	Can change user	4	change_user
15	Can delete user	4	delete_user
16	Can view user	4	view_user
17	Can add content type	5	add_contenttype
18	Can change content type	5	change_contenttype
19	Can delete content type	5	delete_contenttype
20	Can view content type	5	view_contenttype
21	Can add session	6	add_session
22	Can change session	6	change_session
23	Can delete session	6	delete_session
24	Can view session	6	view_session
25	Can add profile	7	add_profile
26	Can change profile	7	change_profile
27	Can delete profile	7	delete_profile
28	Can view profile	7	view_profile
29	Can add custom role	8	add_customrole
30	Can change custom role	8	change_customrole
31	Can delete custom role	8	delete_customrole
32	Can view custom role	8	view_customrole
33	Can add user role	9	add_userrole
34	Can change user role	9	change_userrole
35	Can delete user role	9	delete_userrole
36	Can view user role	9	view_userrole
37	Can add navigation item	10	add_navigationitem
38	Can change navigation item	10	change_navigationitem
39	Can delete navigation item	10	delete_navigationitem
40	Can view navigation item	10	view_navigationitem
41	Can add role navigation permission	11	add_rolenavigationpermission
42	Can change role navigation permission	11	change_rolenavigationpermission
43	Can delete role navigation permission	11	delete_rolenavigationpermission
44	Can view role navigation permission	11	view_rolenavigationpermission
45	Can add activity log	12	add_activitylog
46	Can change activity log	12	change_activitylog
47	Can delete activity log	12	delete_activitylog
48	Can view activity log	12	view_activitylog
49	Can add amenity	13	add_amenity
50	Can change amenity	13	change_amenity
51	Can delete amenity	13	delete_amenity
52	Can view amenity	13	view_amenity
53	Can add property type	14	add_propertytype
54	Can change property type	14	change_propertytype
55	Can delete property type	14	delete_propertytype
56	Can view property type	14	view_propertytype
57	Can add region	15	add_region
58	Can change region	15	change_region
59	Can delete region	15	delete_region
60	Can view region	15	view_region
61	Can add property	16	add_property
62	Can change property	16	change_property
63	Can delete property	16	delete_property
64	Can view property	16	view_property
65	Can add property amenity	17	add_propertyamenity
66	Can change property amenity	17	change_propertyamenity
67	Can delete property amenity	17	delete_propertyamenity
68	Can view property amenity	17	view_propertyamenity
69	Can add property view	18	add_propertyview
70	Can change property view	18	change_propertyview
71	Can delete property view	18	delete_propertyview
72	Can view property view	18	view_propertyview
73	Can add property favorite	19	add_propertyfavorite
74	Can change property favorite	19	change_propertyfavorite
75	Can delete property favorite	19	delete_propertyfavorite
76	Can view property favorite	19	view_propertyfavorite
77	Can add property image	20	add_propertyimage
78	Can change property image	20	change_propertyimage
79	Can delete property image	20	delete_propertyimage
80	Can view property image	20	view_propertyimage
81	Can add payment provider	21	add_paymentprovider
82	Can change payment provider	21	change_paymentprovider
83	Can delete payment provider	21	delete_paymentprovider
84	Can view payment provider	21	view_paymentprovider
85	Can add expense	22	add_expense
86	Can change expense	22	change_expense
87	Can delete expense	22	delete_expense
88	Can view expense	22	view_expense
89	Can add invoice	23	add_invoice
90	Can change invoice	23	change_invoice
91	Can delete invoice	23	delete_invoice
92	Can view invoice	23	view_invoice
93	Can add payment	24	add_payment
94	Can change payment	24	change_payment
95	Can delete payment	24	delete_payment
96	Can view payment	24	view_payment
97	Can add payment audit	25	add_paymentaudit
98	Can change payment audit	25	change_paymentaudit
99	Can delete payment audit	25	delete_paymentaudit
100	Can view payment audit	25	view_paymentaudit
101	Can add payment transaction	26	add_paymenttransaction
102	Can change payment transaction	26	change_paymenttransaction
103	Can delete payment transaction	26	delete_paymenttransaction
104	Can view payment transaction	26	view_paymenttransaction
105	Can add Booking	27	add_booking
106	Can change Booking	27	change_booking
107	Can delete Booking	27	delete_booking
108	Can view Booking	27	view_booking
109	Can add Lease	28	add_lease
110	Can change Lease	28	change_lease
111	Can delete Lease	28	delete_lease
112	Can view Lease	28	view_lease
113	Can add Document	29	add_document
114	Can change Document	29	change_document
115	Can delete Document	29	delete_document
116	Can view Document	29	view_document
117	Can add Late Fee Configuration	30	add_latefee
118	Can change Late Fee Configuration	30	change_latefee
119	Can delete Late Fee Configuration	30	delete_latefee
120	Can view Late Fee Configuration	30	view_latefee
121	Can add Rent Invoice	31	add_rentinvoice
122	Can change Rent Invoice	31	change_rentinvoice
123	Can delete Rent Invoice	31	delete_rentinvoice
124	Can view Rent Invoice	31	view_rentinvoice
125	Can add Rent Payment	32	add_rentpayment
126	Can change Rent Payment	32	change_rentpayment
127	Can delete Rent Payment	32	delete_rentpayment
128	Can view Rent Payment	32	view_rentpayment
129	Can add Rent Reminder	33	add_rentreminder
130	Can change Rent Reminder	33	change_rentreminder
131	Can delete Rent Reminder	33	delete_rentreminder
132	Can view Rent Reminder	33	view_rentreminder
133	Can add maintenance request	34	add_maintenancerequest
134	Can change maintenance request	34	change_maintenancerequest
135	Can delete maintenance request	34	delete_maintenancerequest
136	Can view maintenance request	34	view_maintenancerequest
137	Can add Financial Summary	35	add_financialsummary
138	Can change Financial Summary	35	change_financialsummary
139	Can delete Financial Summary	35	delete_financialsummary
140	Can view Financial Summary	35	view_financialsummary
141	Can add Report Template	36	add_reporttemplate
142	Can change Report Template	36	change_reporttemplate
143	Can delete Report Template	36	delete_reporttemplate
144	Can view Report Template	36	view_reporttemplate
145	Can add Generated Report	37	add_generatedreport
146	Can change Generated Report	37	change_generatedreport
147	Can delete Generated Report	37	delete_generatedreport
148	Can view Generated Report	37	view_generatedreport
149	Can add complaint	38	add_complaint
150	Can change complaint	38	change_complaint
151	Can delete complaint	38	delete_complaint
152	Can view complaint	38	view_complaint
153	Can add complaint response	39	add_complaintresponse
154	Can change complaint response	39	change_complaintresponse
155	Can delete complaint response	39	delete_complaintresponse
156	Can view complaint response	39	view_complaintresponse
157	Can add feedback	40	add_feedback
158	Can change feedback	40	change_feedback
159	Can delete feedback	40	delete_feedback
160	Can view feedback	40	view_feedback
161	Can add room	41	add_room
162	Can change room	41	change_room
163	Can delete room	41	delete_room
164	Can view room	41	view_room
165	Can add customer	42	add_customer
166	Can change customer	42	change_customer
167	Can delete customer	42	delete_customer
168	Can view customer	42	view_customer
169	Can add complaint	43	add_complaint
170	Can change complaint	43	change_complaint
171	Can delete complaint	43	delete_complaint
172	Can view complaint	43	view_complaint
173	Can add booking	44	add_booking
174	Can change booking	44	change_booking
175	Can delete booking	44	delete_booking
176	Can view booking	44	view_booking
177	Can add payment	45	add_payment
178	Can change payment	45	change_payment
179	Can delete payment	45	delete_payment
180	Can view payment	45	view_payment
181	Can add House Rent Reminder	46	add_houserentreminder
182	Can change House Rent Reminder	46	change_houserentreminder
183	Can delete House Rent Reminder	46	delete_houserentreminder
184	Can view House Rent Reminder	46	view_houserentreminder
185	Can add Rent Reminder Log	47	add_houserentreminderlog
186	Can change Rent Reminder Log	47	change_houserentreminderlog
187	Can delete Rent Reminder Log	47	delete_houserentreminderlog
188	Can view Rent Reminder Log	47	view_houserentreminderlog
189	Can add Rent Reminder Schedule	48	add_houserentreminderschedule
190	Can change Rent Reminder Schedule	48	change_houserentreminderschedule
191	Can delete Rent Reminder Schedule	48	delete_houserentreminderschedule
192	Can view Rent Reminder Schedule	48	view_houserentreminderschedule
193	Can add House Rent Reminder Settings	49	add_houserentremindersettings
194	Can change House Rent Reminder Settings	49	change_houserentremindersettings
195	Can delete House Rent Reminder Settings	49	delete_houserentremindersettings
196	Can view House Rent Reminder Settings	49	view_houserentremindersettings
197	Can add Rent Reminder Template	50	add_houserentremindertemplate
198	Can change Rent Reminder Template	50	change_houserentremindertemplate
199	Can delete Rent Reminder Template	50	delete_houserentremindertemplate
200	Can view Rent Reminder Template	50	view_houserentremindertemplate
201	Can add blacklisted token	51	add_blacklistedtoken
202	Can change blacklisted token	51	change_blacklistedtoken
203	Can delete blacklisted token	51	delete_blacklistedtoken
204	Can view blacklisted token	51	view_blacklistedtoken
205	Can add outstanding token	52	add_outstandingtoken
206	Can change outstanding token	52	change_outstandingtoken
207	Can delete outstanding token	52	delete_outstandingtoken
208	Can view outstanding token	52	view_outstandingtoken
209	Can add notification	53	add_notification
210	Can change notification	53	change_notification
211	Can delete notification	53	delete_notification
212	Can view notification	53	view_notification
213	Can add district	54	add_district
214	Can change district	54	change_district
215	Can delete district	54	delete_district
216	Can view district	54	view_district
217	Can add Property Visit Payment	55	add_propertyvisitpayment
218	Can change Property Visit Payment	55	change_propertyvisitpayment
219	Can delete Property Visit Payment	55	delete_propertyvisitpayment
220	Can view Property Visit Payment	55	view_propertyvisitpayment
\.


--
-- Data for Name: auth_user; Type: TABLE DATA; Schema: public; Owner: postgres
--

COPY public.auth_user (id, password, last_login, is_superuser, username, first_name, last_name, email, is_staff, is_active, date_joined) FROM stdin;
2	pbkdf2_sha256$1000000$hP0PNpHfkGF8FnkZjRfFLU$d/ZajWAUI0Jk//y4s2pDsoU0h90mUNH6NbKOnb/Opmg=	\N	f	property_manager1	John	Manager	manager@maisha.com	t	t	2025-10-20 15:29:17.581291+03
3	pbkdf2_sha256$1000000$h74wInZEb6PhVGZPbUqoFy$kYR5MZ03q+p2wndjWsAp26NSodBPmXTpJy2uZU89vdk=	\N	f	property_owner1	Sarah	Owner	owner@maisha.com	f	t	2025-10-20 15:29:17.910976+03
4	pbkdf2_sha256$1000000$WC3A3LNRojiWEqdlJyKVQy$Co32EWXwGhvbHcxM0hWpKN4TpAtUnnbPQggPLRnWwPg=	\N	f	tenant1	Mike	Tenant	tenant1@maisha.com	f	t	2025-10-20 15:29:18.235605+03
5	pbkdf2_sha256$1000000$WMjJxNmk2TgSyS7O0PZ3hl$qBVRnTMEVaO2f4D84Ve7XvxtSq/p98lVGvpYXjLlUXc=	\N	f	tenant2	Jane	Smith	tenant2@maisha.com	f	t	2025-10-20 15:29:18.56276+03
6	pbkdf2_sha256$1000000$0veZ8sExovXfuB4bkcWdor$JkRz7NJyu03BiKHRqhd8Qgf94ijHnhDI6IKBtk4SesI=	\N	f	maintenance1	David	Maintenance	maintenance@maisha.com	f	t	2025-10-20 15:29:18.886482+03
15	pbkdf2_sha256$1000000$SmDbN2vuKzthoVvHNwVKWq$PG37glTtLe5SU3E29W+AEuIZ2F/yD6BSEuLYoYnfnzU=	2025-10-25 23:14:30.319684+03	f	venue_test_user	Venue	Test	venue@test.com	f	t	2025-10-25 23:10:18.592407+03
19	pbkdf2_sha256$1000000$JSzWYkwMYRlZPCCnKoKYo1$1u5Nd5mCsxhXfCH7ZMkAhLu2VYWEVwQZdwuxf5zAybU=	2025-11-22 11:51:21.18499+03	f	wewe	Wewe	Wewe	wewe@example.com	f	t	2025-10-27 20:48:50.667838+03
20	pbkdf2_sha256$1000000$DP3HrsRGQYgUH8rx5sdzNN$/ywIW1e+9cWk/V2VjIBYzLN8H3Pzz6Wq4V24GemI+Aw=	2025-11-15 09:13:56.016021+03	f	testuser	Test	User	testuser@example.com	f	t	2025-11-09 10:49:02.405569+03
11		\N	f	tenant3	Tenant3	User	tenant3@example.com	f	t	2025-10-23 07:54:41.650951+03
12		\N	f	tenant4	Tenant4	User	tenant4@example.com	f	t	2025-10-23 07:54:41.655194+03
13		\N	f	tenant5	Tenant5	User	tenant5@example.com	f	t	2025-10-23 07:54:41.65719+03
16	pbkdf2_sha256$600000$2IxK7KfrlBmW47G03Y2Nuw$Oj2+YvLDyUMRwOdrzNKI41lsy9QMWEl2mZwEZhaNrDk=	\N	f	testuser_20251027203126	Test	User	test_20251027203126@example.com	f	t	2025-10-27 20:31:26.700788+03
8	pbkdf2_sha256$1000000$q4tMQrFzI22FtbYgdlg8RW$U0+1GOlVKn8tJuM0qlSH1jTHNZd3RjkiJe9bumQLsWk=	2025-10-23 14:51:10.414775+03	t	admin			admin@example.com	t	t	2025-10-21 09:45:48.871263+03
17	pbkdf2_sha256$600000$698M8rKNpY5hyJfxa8htjD$VeHeu+o3/fXVmFDo7vmoyTSh5r4X81owrY4yB+ZpwI4=	\N	f	api_test_user	API	Test	api_test@example.com	f	t	2025-10-27 20:44:50.210954+03
22	pbkdf2_sha256$1000000$ZDkTCxEyzpH6Q1sAQHBkm2$vdGymKM/AFL7yUuDHT13sEcm3dJUr8qrjamhwjWwEQc=	2025-12-02 11:27:17.453185+03	f	july	july	july	july@maisha.com	f	t	2025-11-22 13:13:36.269327+03
1	pbkdf2_sha256$1000000$T9nJirbwGEsUycCSRirBIU$v4BGylS1womzMRpsk/fBrVq2TaI/DiWVg/xyhzU9eRg=	2025-12-02 11:30:29.511968+03	t	admin_user	Alfred	Kajirunga	admin@maisha.com	t	t	2025-10-20 15:29:17.235239+03
21	pbkdf2_sha256$1000000$L0xX0tkhd4tWzj4Gw0eW3R$AV87cCrj/HR/4dTZ/g06EV4i+w5I74goaveEhqVX0Oc=	2025-11-19 09:11:53.946472+03	f	alfred	Alfred	Kajirunga	mimi@gmail.com	f	t	2025-11-10 20:36:25.599241+03
\.


--
-- Data for Name: auth_user_groups; Type: TABLE DATA; Schema: public; Owner: postgres
--

COPY public.auth_user_groups (id, user_id, group_id) FROM stdin;
2	20	6
3	19	7
4	19	9
\.


--
-- Data for Name: auth_user_user_permissions; Type: TABLE DATA; Schema: public; Owner: postgres
--

COPY public.auth_user_user_permissions (id, user_id, permission_id) FROM stdin;
\.


--
-- Data for Name: bookings; Type: TABLE DATA; Schema: public; Owner: postgres
--

COPY public.bookings (id, booking_reference, check_in_date, check_out_date, number_of_guests, room_number, room_type, total_amount, paid_amount, deposit_amount, booking_status, payment_status, special_requests, created_at, updated_at, confirmed_at, checked_in_at, checked_out_at, assigned_staff_id, created_by_id, property_obj_id, customer_id) FROM stdin;
5	BK005017	2025-08-26	2026-08-26	1	\N	\N	4800000.00	0.00	0.00	checked_in	overdue	\N	2025-10-25 14:14:48.147728+03	2025-11-28 21:09:29.407816+03	\N	\N	\N	\N	8	17	5
3	BK003014	2025-09-25	2026-09-25	1	\N	\N	1200000.00	0.00	0.00	checked_in	paid	\N	2025-10-25 14:14:48.134006+03	2025-10-25 14:14:48.134006+03	\N	\N	\N	\N	8	14	3
4	BK004015	2025-10-10	2026-10-10	1	\N	\N	600000.00	0.00	0.00	confirmed	partial	\N	2025-10-25 14:14:48.144725+03	2025-10-25 14:14:48.144725+03	\N	\N	\N	\N	8	15	4
6	BK006019	2025-09-10	2026-09-10	1	\N	\N	1500000.00	0.00	0.00	checked_in	paid	\N	2025-10-25 14:14:48.149728+03	2025-10-25 14:14:48.149728+03	\N	\N	\N	\N	8	19	6
8	BK008015	2025-10-15	2026-10-15	1	\N	\N	600000.00	0.00	0.00	confirmed	paid	\N	2025-10-25 14:14:48.155728+03	2025-10-25 14:14:48.155728+03	\N	\N	\N	\N	8	15	8
9	BK009017	2025-10-05	2026-10-05	1	\N	\N	400000.00	0.00	0.00	checked_out	paid	\N	2025-10-25 14:14:48.15873+03	2025-10-25 14:14:48.15873+03	\N	\N	\N	\N	8	17	9
10	HSE-000009	2025-10-25	2026-03-25	3	\N	\N	10000000.00	0.00	0.00	cancelled	pending	\N	2025-10-25 14:32:57.602209+03	2025-10-25 18:37:02.886205+03	2025-10-25 18:37:02.886205+03	\N	\N	\N	1	3	10
7	BK007014	2025-10-20	2026-10-20	1	\N	\N	1200000.00	0.00	0.00	cancelled	pending	\N	2025-10-25 14:14:48.151729+03	2025-10-25 14:14:48.151729+03	\N	\N	\N	\N	8	14	7
12	VB002	2025-10-26	2025-10-26	120	\N	\N	2500.00	2500.00	0.00	completed	paid	Sarah and Michael wedding celebration	2025-10-25 23:14:30.353526+03	2025-11-17 11:34:38.947018+03	\N	\N	\N	\N	15	22	11
11	VB001	2025-10-25	2025-10-25	25	\N	\N	500.00	0.00	0.00	completed	paid	Quarterly business review meeting	2025-10-25 23:14:30.34902+03	2025-10-25 23:14:30.34902+03	\N	\N	\N	\N	15	21	11
13	VB003	2025-10-27	2025-10-27	30	\N	\N	200.00	0.00	0.00	completed	paid	Marketing team building workshop	2025-10-25 23:14:30.356537+03	2025-10-28 18:43:09.977856+03	\N	\N	\N	\N	15	23	11
\.


--
-- Data for Name: complaints_complaint; Type: TABLE DATA; Schema: public; Owner: postgres
--

COPY public.complaints_complaint (id, title, description, category, priority, status, rating, created_at, updated_at, resolved_at, property_id, resolved_by_id, user_id, status_change_reason) FROM stdin;
1	Broken Air Conditioning	The air conditioning unit in my bedroom has stopped working. It makes strange noises and doesn't cool the room anymore. This is very uncomfortable especially during hot weather.	maintenance	high	pending	2	2025-10-23 12:19:41.953146+03	2025-10-23 12:19:41.953146+03	\N	3	\N	4	\N
5	Elevator Not Working	The elevator has been out of order for 3 days now. I live on the 5th floor and it's very difficult to climb stairs every day, especially with groceries.	maintenance	high	in_progress	1	2025-10-23 12:19:41.970055+03	2025-10-23 12:19:41.970055+03	\N	3	\N	4	\N
7	Broken Door Handle	The front door handle is loose and difficult to turn. It needs immediate attention.	maintenance	high	pending	\N	2025-10-23 12:54:54.805303+03	2025-10-23 12:54:54.805303+03	\N	3	\N	4	\N
9	Water Leak in Bathroom	There is a water leak under the bathroom sink that needs to be fixed.	maintenance	urgent	in_progress	\N	2025-10-23 12:54:54.814186+03	2025-11-19 03:48:44.755923+03	2025-11-19 03:48:31.632736+03	3	1	4	\N
3	Water Leak in Kitchen	There is a water leak under the kitchen sink. Water is dripping constantly and has started to damage the cabinet. Please fix this as soon as possible.	maintenance	urgent	in_progress	4	2025-10-23 12:19:41.968052+03	2025-11-19 03:55:45.334028+03	\N	3	\N	4	It was having some issues not fixed
\.


--
-- Data for Name: complaints_complaintresponse; Type: TABLE DATA; Schema: public; Owner: postgres
--

COPY public.complaints_complaintresponse (id, response_type, message, is_visible_to_user, created_at, complaint_id, responder_id) FROM stdin;
1	user	Thank you for reporting this issue. Our maintenance team has been notified and will fix the water leak within 24 hours. We apologize for any inconvenience caused.	t	2025-10-23 12:20:09.302577+03	3	2
2	internal	Maintenance team dispatched. Parts ordered for kitchen sink repair. Estimated completion: 2 hours.	f	2025-10-23 12:20:09.316157+03	3	2
4	user	We are aware of the elevator issue and have contacted the elevator service company. They are scheduled to arrive tomorrow morning. We apologize for the inconvenience.	t	2025-10-23 12:20:09.318156+03	5	2
5	internal	Elevator service company confirmed for tomorrow 9 AM. Parts are available. Estimated repair time: 4-6 hours.	f	2025-10-23 12:20:09.318156+03	5	2
\.


--
-- Data for Name: complaints_feedback; Type: TABLE DATA; Schema: public; Owner: postgres
--

COPY public.complaints_feedback (id, feedback_type, title, message, rating, created_at, property_id, user_id) FROM stdin;
1	rating	Overall Property Rating	The property is generally good but maintenance issues take too long to resolve.	3	2025-10-23 12:21:19.24534+03	3	4
3	bug	App Login Issue	I am having trouble logging into the mobile app. It keeps showing an error message.	2	2025-10-23 12:21:19.25535+03	3	4
5	feature	Request for Package Delivery System	Could you please install a secure package delivery system? Packages often get stolen from the lobby.	3	2025-10-23 12:21:19.256347+03	3	4
\.


--
-- Data for Name: customers; Type: TABLE DATA; Schema: public; Owner: postgres
--

COPY public.customers (id, first_name, last_name, email, phone, gender, date_of_birth, address, city, country, postal_code, id_type, id_number, emergency_contact_name, emergency_contact_phone, notes, is_active, created_at, updated_at) FROM stdin;
1	John	Doe	john.doe@example.com	+255123456789	\N	\N	\N	\N	\N	\N	\N	\N	\N	\N	\N	t	2025-10-24 07:20:01.119354+03	2025-10-24 07:20:01.119354+03
2	John	Doe	tenant@example.com	+255123456789	\N	\N	\N	\N	\N	\N	\N	\N	\N	\N	\N	t	2025-10-25 12:22:07.21842+03	2025-10-25 12:22:07.21842+03
3	John	Mwalimu	john.mwalimu@email.com	+255712345678	\N	\N	\N	\N	\N	\N	\N	\N	\N	\N	\N	t	2025-10-25 14:13:33.707511+03	2025-10-25 14:13:33.707511+03
4	Sarah	Kimaro	sarah.kimaro@email.com	+255723456789	\N	\N	\N	\N	\N	\N	\N	\N	\N	\N	\N	t	2025-10-25 14:13:33.714459+03	2025-10-25 14:13:33.714459+03
5	Ahmed	Hassan	ahmed.hassan@email.com	+255734567890	\N	\N	\N	\N	\N	\N	\N	\N	\N	\N	\N	t	2025-10-25 14:13:33.716458+03	2025-10-25 14:13:33.716458+03
6	Grace	Mwangi	grace.mwangi@email.com	+255745678901	\N	\N	\N	\N	\N	\N	\N	\N	\N	\N	\N	t	2025-10-25 14:13:33.717458+03	2025-10-25 14:13:33.717458+03
7	Peter	Mwamba	peter.mwamba@email.com	+255756789012	\N	\N	\N	\N	\N	\N	\N	\N	\N	\N	\N	t	2025-10-25 14:13:33.719458+03	2025-10-25 14:13:33.719458+03
8	Fatuma	Ali	fatuma.ali@email.com	+255767890123	\N	\N	\N	\N	\N	\N	\N	\N	\N	\N	\N	t	2025-10-25 14:13:33.721458+03	2025-10-25 14:13:33.721458+03
9	David	Mwangi	david.mwangi@email.com	+255778901234	\N	\N	\N	\N	\N	\N	\N	\N	\N	\N	\N	t	2025-10-25 14:13:33.722458+03	2025-10-25 14:13:33.722458+03
10	John	wewe	mimi@gmail.com	0768907543	\N	\N	\N	\N	\N	\N	\N	\N	\N	\N	\N	t	2025-10-25 14:32:57.594208+03	2025-10-25 14:32:57.594208+03
11	John	Doe	customer@venue.com	+255123456789	\N	\N	Customer Address	\N	\N	\N	\N	\N	\N	\N	\N	t	2025-10-25 23:10:38.340782+03	2025-10-25 23:10:38.340782+03
12	Active	Visitor	active@example.com	9876543210	\N	\N	\N	\N	\N	\N	\N	\N	\N	\N	\N	t	2025-10-28 19:29:28.982226+03	2025-10-28 19:29:28.982226+03
\.


--
-- Data for Name: districts; Type: TABLE DATA; Schema: public; Owner: postgres
--

COPY public.districts (id, name, description, created_at, updated_at, region_id) FROM stdin;
1	Kinondoni	Good place to go	2025-11-18 16:08:22.094674+03	2025-11-19 03:33:31.480755+03	1
\.


--
-- Data for Name: django_admin_log; Type: TABLE DATA; Schema: public; Owner: postgres
--

COPY public.django_admin_log (id, action_time, object_id, object_repr, action_flag, change_message, content_type_id, user_id) FROM stdin;
\.


--
-- Data for Name: django_content_type; Type: TABLE DATA; Schema: public; Owner: postgres
--

COPY public.django_content_type (id, app_label, model) FROM stdin;
1	admin	logentry
2	auth	permission
3	auth	group
4	auth	user
5	contenttypes	contenttype
6	sessions	session
7	accounts	profile
8	accounts	customrole
9	accounts	userrole
10	accounts	navigationitem
11	accounts	rolenavigationpermission
12	accounts	activitylog
13	properties	amenity
14	properties	propertytype
15	properties	region
16	properties	property
17	properties	propertyamenity
18	properties	propertyview
19	properties	propertyfavorite
20	properties	propertyimage
21	payments	paymentprovider
22	payments	expense
23	payments	invoice
24	payments	payment
25	payments	paymentaudit
26	payments	paymenttransaction
27	documents	booking
28	documents	lease
29	documents	document
30	rent	latefee
31	rent	rentinvoice
32	rent	rentpayment
33	rent	rentreminder
34	maintenance	maintenancerequest
35	reports	financialsummary
36	reports	reporttemplate
37	reports	generatedreport
38	complaints	complaint
39	complaints	complaintresponse
40	complaints	feedback
41	properties	room
42	properties	customer
43	properties	complaint
44	properties	booking
45	properties	payment
46	properties	houserentreminder
47	properties	houserentreminderlog
48	properties	houserentreminderschedule
49	properties	houserentremindersettings
50	properties	houserentremindertemplate
51	token_blacklist	blacklistedtoken
52	token_blacklist	outstandingtoken
53	accounts	notification
54	properties	district
55	properties	propertyvisitpayment
\.


--
-- Data for Name: django_migrations; Type: TABLE DATA; Schema: public; Owner: postgres
--

COPY public.django_migrations (id, app, name, applied) FROM stdin;
1	contenttypes	0001_initial	2025-10-20 15:25:57.697402+03
2	auth	0001_initial	2025-10-20 15:25:57.777938+03
3	contenttypes	0002_remove_content_type_name	2025-10-20 15:25:57.787934+03
4	auth	0002_alter_permission_name_max_length	2025-10-20 15:25:57.792934+03
5	auth	0003_alter_user_email_max_length	2025-10-20 15:25:57.798935+03
6	auth	0004_alter_user_username_opts	2025-10-20 15:25:57.801935+03
7	auth	0005_alter_user_last_login_null	2025-10-20 15:25:57.806935+03
8	auth	0006_require_contenttypes_0002	2025-10-20 15:25:57.806935+03
9	auth	0007_alter_validators_add_error_messages	2025-10-20 15:25:57.810941+03
10	auth	0008_alter_user_username_max_length	2025-10-20 15:25:57.820934+03
11	auth	0009_alter_user_last_name_max_length	2025-10-20 15:25:57.824936+03
12	auth	0010_alter_group_name_max_length	2025-10-20 15:25:57.828934+03
13	auth	0011_update_proxy_permissions	2025-10-20 15:25:57.832938+03
14	auth	0012_alter_user_first_name_max_length	2025-10-20 15:25:57.836934+03
15	accounts	0001_initial	2025-10-20 15:25:57.849934+03
16	accounts	0002_customrole	2025-10-20 15:25:57.869934+03
17	accounts	0003_alter_customrole_options_and_more	2025-10-20 15:25:57.921974+03
18	accounts	0004_userrole	2025-10-20 15:25:57.941935+03
19	accounts	0005_profile_approved_at_profile_approved_by_and_more	2025-10-20 15:25:57.966933+03
20	accounts	0006_navigationitem_rolenavigationpermission	2025-10-20 15:25:57.995934+03
21	accounts	0007_remove_rolenavigationpermission_created_by_and_more	2025-10-20 15:25:58.004935+03
22	accounts	0008_activitylog	2025-10-20 15:25:58.020934+03
23	admin	0001_initial	2025-10-20 15:25:58.034935+03
24	admin	0002_logentry_remove_auto_add	2025-10-20 15:25:58.040935+03
25	admin	0003_logentry_add_action_flag_choices	2025-10-20 15:25:58.045935+03
26	admin	0004_auto_20251006_0755	2025-10-20 15:25:58.045935+03
27	properties	0001_initial	2025-10-20 15:25:58.153949+03
28	complaints	0001_initial	2025-10-20 15:25:58.203934+03
29	documents	0001_initial	2025-10-20 15:25:58.259456+03
30	maintenance	0001_initial	2025-10-20 15:25:58.277494+03
31	payments	0001_initial	2025-10-20 15:25:58.393235+03
32	rent	0001_initial	2025-10-20 15:25:58.477457+03
33	reports	0001_initial	2025-10-20 15:25:58.522461+03
34	sessions	0001_initial	2025-10-20 15:25:58.526796+03
35	properties	0002_property_capacity_property_is_active_and_more	2025-10-22 03:39:07.865406+03
36	properties	0003_customer_booking_complaint_payment_room	2025-10-22 04:07:42.263221+03
37	maintenance	0002_alter_maintenancerequest_options_and_more	2025-10-23 00:17:32.097795+03
38	payments	0002_payment_notes_payment_payment_method_and_more	2025-10-23 09:24:28.741387+03
39	maintenance	0003_maintenancerequest_admin_notes	2025-10-23 12:02:10.232358+03
40	properties	0004_payment_status	2025-10-24 18:21:19.184465+03
41	properties	0005_houserentreminder_houserentreminderlog_and_more	2025-10-25 12:16:34.344147+03
42	accounts	0009_profile_deactivated_at_profile_deactivated_by_and_more	2025-11-10 20:21:55.204859+03
43	token_blacklist	0001_initial	2025-11-10 21:18:46.481596+03
44	token_blacklist	0002_outstandingtoken_jti_hex	2025-11-10 21:18:46.503901+03
45	token_blacklist	0003_auto_20171017_2007	2025-11-10 21:18:46.53089+03
46	token_blacklist	0004_auto_20171017_2013	2025-11-10 21:18:46.554901+03
47	token_blacklist	0005_remove_outstandingtoken_jti	2025-11-10 21:18:46.577904+03
48	token_blacklist	0006_auto_20171017_2113	2025-11-10 21:18:46.598458+03
49	token_blacklist	0007_auto_20171017_2214	2025-11-10 21:18:46.663447+03
50	token_blacklist	0008_migrate_to_bigautofield	2025-11-10 21:18:46.727927+03
51	token_blacklist	0010_fix_migrate_to_bigautofield	2025-11-10 21:18:46.808757+03
52	token_blacklist	0011_linearizes_history	2025-11-10 21:18:46.810751+03
53	token_blacklist	0012_alter_outstandingtoken_user	2025-11-10 21:18:46.833759+03
54	documents	0002_add_pending_status_to_lease	2025-11-13 20:15:24.331065+03
55	accounts	0010_notification	2025-11-15 10:14:01.717405+03
56	payments	0003_unify_payment_system	2025-11-16 12:29:19.161065+03
57	payments	0004_migrate_rent_payments	2025-11-16 12:29:19.202066+03
58	payments	0005_migrate_property_payments	2025-11-16 12:31:26.132924+03
59	payments	0006_add_azam_pay_fields	2025-11-16 12:53:08.105677+03
60	properties	0006_add_booking_expiration_hours	2025-11-17 08:34:52.740819+03
61	properties	0007_add_district_model_and_field	2025-11-18 16:05:07.98764+03
62	complaints	0002_complaint_status_change_reason	2025-11-19 03:54:25.905671+03
63	properties	0008_add_property_approval_fields	2025-11-19 04:58:13.061613+03
64	accounts	0011_backfill_assigned_by	2025-11-23 07:26:31.579208+03
65	accounts	0012_alter_profile_phone	2025-11-26 13:26:40.831286+03
66	properties	0009_property_visit_cost_propertyvisitpayment	2025-11-27 01:59:23.214278+03
67	payments	0007_add_payment_provider_fields	2025-11-28 20:48:14.713476+03
68	payments	0008_alter_paymentprovider_created_at	2025-11-28 21:49:17.498944+03
69	properties	0010_property_rent_period	2025-12-12 13:33:50.399675+03
\.


--
-- Data for Name: django_session; Type: TABLE DATA; Schema: public; Owner: postgres
--

COPY public.django_session (session_key, session_data, expire_date) FROM stdin;
4h139x9a6o62e1qlzzk6lrom22kw00oo	.eJxVjEEOwiAQRe_C2hAGaAMu3XsGMswMUjUlKe2q8e6mSRe6_e-9v6uE21rT1mVJE6urAnX53TLSS-YD8BPnR9PU5nWZsj4UfdKu743lfTvdv4OKvR61FxFjiwzeSSFw5MtAYnGMwQmCmByBxgjBmzGyMA-2kAEMxVnOpD5fDAo46w:1vCxP8:3dIQy2l4qqKLZ4BXsCGUX8yX84MV8q58kOfDSA5Wj6w	2025-11-09 12:51:14.993848+03
f485wjpq0jmalifecqvwbg0hy3xzm9ak	e30:1vCE1Z:tT0ZSTD7ksSacfkp7jJBxSmkJsuvvCMR8J3aKaRDemE	2025-11-07 12:23:53.857266+03
nf7kyt3f89v1rccerwch9i2aa9e2isnr	.eJxVjEEOwiAQRe_C2pAOEKa4dO8ZyDBMpWpoUtpV490NSRe6_e-9f6hI-1bi3mSNc1ZXBeryuyXil9QO8pPqY9G81G2dk-6KPmnT9yXL-3a6fweFWuk1JZwsgGDg4Fmc9-gGIhow-MRWECgLMPo8EdtgHJGxOAI6h2BG9fkC98M30Q:1vCU3e:5dAz0cng6Zl29ZaZaKnYPF6qtmEg-Sxo01vSaMj-8tQ	2025-11-08 05:31:06.290961+03
pyqkeo2aar8xp4gjitsjurxsrryembg6	.eJxVjEEOwiAQRe_C2pAOEKa4dO8ZyDBMpWpoUtpV490NSRe6_e-9f6hI-1bi3mSNc1ZXBeryuyXil9QO8pPqY9G81G2dk-6KPmnT9yXL-3a6fweFWuk1JZwsgGDg4Fmc9-gGIhow-MRWECgLMPo8EdtgHJGxOAI6h2BG9fkC98M30Q:1vCE2O:T6zmpiR2gJGx_uKlxdDpK2zREkrjlkbDJS2V6-mv8h8	2025-11-07 12:24:44.89566+03
9iob3wdgh5m41po1nwcyx05289tzfloo	.eJxVjEEOwiAQRe_C2hAGaAMu3XsGMswMUjUlKe2q8e6mSRe6_e-9v6uE21rT1mVJE6urAnX53TLSS-YD8BPnR9PU5nWZsj4UfdKu743lfTvdv4OKvR61FxFjiwzeSSFw5MtAYnGMwQmCmByBxgjBmzGyMA-2kAEMxVnOpD5fDAo46w:1vCxXA:MTP1b7B4VHaarYQb43gPoWth5wg_LO4ZdW5RcuqQ-bc	2025-11-09 12:59:32.582748+03
mwsvq3zvqw0td97no8ydn9lqfdbqmxkc	.eJxVjEEOwiAQRe_C2pAOEKa4dO8ZyDBMpWpoUtpV490NSRe6_e-9f6hI-1bi3mSNc1ZXBeryuyXil9QO8pPqY9G81G2dk-6KPmnT9yXL-3a6fweFWuk1JZwsgGDg4Fmc9-gGIhow-MRWECgLMPo8EdtgHJGxOAI6h2BG9fkC98M30Q:1vCE4l:tqAsl8rhbcwdnmskP8DYGrGwqwkqeG5rJj6f_63oQxo	2025-11-07 12:27:11.085984+03
n6kj7c3sn5ulja8tn34ehf6w07avu892	.eJxVjEEOwiAQRe_C2hAGaAMu3XsGMswMUjUlKe2q8e6mSRe6_e-9v6uE21rT1mVJE6urAnX53TLSS-YD8BPnR9PU5nWZsj4UfdKu743lfTvdv4OKvR61FxFjiwzeSSFw5MtAYnGMwQmCmByBxgjBmzGyMA-2kAEMxVnOpD5fDAo46w:1vCxbC:cQl7zOEZNgaV-gl2YpNGRZnBmuEC2aHRTt_-iPo3QiM	2025-11-09 13:03:42.541156+03
9szljwwqomsi509tq63adwnunnsw89yn	.eJxVjEEOwiAQRe_C2pAOEKa4dO8ZyDBMpWpoUtpV490NSRe6_e-9f6hI-1bi3mSNc1ZXBeryuyXil9QO8pPqY9G81G2dk-6KPmnT9yXL-3a6fweFWuk1JZwsgGDg4Fmc9-gGIhow-MRWECgLMPo8EdtgHJGxOAI6h2BG9fkC98M30Q:1vCU8f:Jz16qkmB658-d2192WpDtxKhZFvgHx-VFv5Hq3lXVyM	2025-11-08 05:36:17.064258+03
chzw8c7hibqemfehajbqst9ojb4n09a9	.eJxVjEEOwiAQRe_C2pAOEKa4dO8ZyDBMpWpoUtpV490NSRe6_e-9f6hI-1bi3mSNc1ZXBeryuyXil9QO8pPqY9G81G2dk-6KPmnT9yXL-3a6fweFWuk1JZwsgGDg4Fmc9-gGIhow-MRWECgLMPo8EdtgHJGxOAI6h2BG9fkC98M30Q:1vCE8Z:wg0LMAQCB8aZARuwKR5IwlA5OcuXdFewjs1QIWe_rDM	2025-11-07 12:31:07.162375+03
rzltgp63sau4al90cxk5my7ii5ieudsv	.eJxVjEEOwiAQRe_C2hAGaAMu3XsGMswMUjUlKe2q8e6mSRe6_e-9v6uE21rT1mVJE6urAnX53TLSS-YD8BPnR9PU5nWZsj4UfdKu743lfTvdv4OKvR61FxFjiwzeSSFw5MtAYnGMwQmCmByBxgjBmzGyMA-2kAEMxVnOpD5fDAo46w:1vCxxY:2XJznWAZGzpwuLdPx-_G3N6PqSY-SULJqSfSjGf9-G4	2025-11-09 13:26:48.360615+03
7x73okf6yl904ygjv3v3mkjw09skpoo0	.eJxVjEEOwiAQRe_C2pAOEKa4dO8ZyDBMpWpoUtpV490NSRe6_e-9f6hI-1bi3mSNc1ZXBeryuyXil9QO8pPqY9G81G2dk-6KPmnT9yXL-3a6fweFWuk1JZwsgGDg4Fmc9-gGIhow-MRWECgLMPo8EdtgHJGxOAI6h2BG9fkC98M30Q:1vCEC0:UjelE14lfA92HG2KL9MIPqy0_6CqvW_40gxUOKuGR90	2025-11-07 12:34:40.474334+03
b0qk1l2bkahf66i8l5pjopt9owoyp305	.eJxVjEEOwiAQRe_C2pAOEKa4dO8ZyDBMpWpoUtpV490NSRe6_e-9f6hI-1bi3mSNc1ZXBeryuyXil9QO8pPqY9G81G2dk-6KPmnT9yXL-3a6fweFWuk1JZwsgGDg4Fmc9-gGIhow-MRWECgLMPo8EdtgHJGxOAI6h2BG9fkC98M30Q:1vCUCZ:jTdKGffuScq5G8VCx39JvGdSQ6-k_b-N2O0kSdNOwy4	2025-11-08 05:40:19.768003+03
btnbilacxv2ag2p4zlqcz62hlrqf1f0h	.eJxVjEEOwiAQRe_C2hAGaAMu3XsGMswMUjUlKe2q8e6mSRe6_e-9v6uE21rT1mVJE6urAnX53TLSS-YD8BPnR9PU5nWZsj4UfdKu743lfTvdv4OKvR61FxFjiwzeSSFw5MtAYnGMwQmCmByBxgjBmzGyMA-2kAEMxVnOpD5fDAo46w:1vCy1E:DHTPjS3NkjcOxJt8u8lHLlePPv8OsodtJXcofsajqzQ	2025-11-09 13:30:36.059167+03
7rgwwp76ongu4y041moas3oyzi2hlyp0	.eJxVjMsOwiAQRf-FtSEEGB4u3fsNZAYGqRqalHZl_Hdt0oVu7znnvkTCbW1pG7ykqYiz8OL0uxHmB_cdlDv22yzz3NdlIrkr8qBDXufCz8vh_h00HO1bg_KOgcA7UjXUojGijq4Ssg02MjirTVRgIBiPHi2Q1Y5LdEDF5yjeH9YON2k:1vCaV8:v8UkYIXU1Ewh2asC8YWsHODEluAvmHHX-VFghHg9gwI	2025-11-08 12:23:54.759702+03
4mx2onj17h37wtlw5ykjfrvt1jwx1muj	.eJxVjMEOwiAQRP-FsyF0FxA9eu83kAUWqRpISnsy_rtt0oPeJvPezFt4Wpfi186zn5K4isGI028ZKD657iQ9qN6bjK0u8xTkrsiDdjm2xK_b4f4dFOplW6MiBgZ3AXUmwmS1tTQgJNqiQkqA2QUFVrHRnKNBmw2QYqdROyTx-QL3KDeI:1vCkag:2Es47TB4YZh0IZ4EfrftvdWDTZlEP7Ihw0niDiBr_eo	2025-11-08 23:10:18.98775+03
af01bafirjsb2lhoqlahkno91w8gn06k	.eJxVjMEOwiAQRP-FsyF0FxA9eu83kAUWqRpISnsy_rtt0oPeJvPezFt4Wpfi186zn5K4isGI028ZKD657iQ9qN6bjK0u8xTkrsiDdjm2xK_b4f4dFOplW6MiBgZ3AXUmwmS1tTQgJNqiQkqA2QUFVrHRnKNBmw2QYqdROyTx-QL3KDeI:1vCkb0:iojRiH2w5uC0SstlxG36bKqiNtmjZoxVrG3vuwYEv28	2025-11-08 23:10:38.326748+03
unq8lpfyg9q19pi0fj92ifwd2b7kd9uy	.eJxVjMEOwiAQRP-FsyF0FxA9eu83kAUWqRpISnsy_rtt0oPeJvPezFt4Wpfi186zn5K4isGI028ZKD657iQ9qN6bjK0u8xTkrsiDdjm2xK_b4f4dFOplW6MiBgZ3AXUmwmS1tTQgJNqiQkqA2QUFVrHRnKNBmw2QYqdROyTx-QL3KDeI:1vCkek:rUI9cJApCc8a6wmEpT1fnXZOIUV_Dvt92gpUphQQIZQ	2025-11-08 23:14:30.32173+03
crhxhk8kuhk2xphvkv2ubwwe311xl478	.eJxVjEEOwiAQRe_C2pAOEKa4dO8ZyDBMpWpoUtpV490NSRe6_e-9f6hI-1bi3mSNc1ZXBeryuyXil9QO8pPqY9G81G2dk-6KPmnT9yXL-3a6fweFWuk1JZwsgGDg4Fmc9-gGIhow-MRWECgLMPo8EdtgHJGxOAI6h2BG9fkC98M30Q:1vCTnV:aB057QBOaXzBNi74KmUaUbpWZjk-qvxuwxJoCQLXWQE	2025-11-08 05:14:25.030268+03
061xgypaq97jjez1b12w5d0sgdvnb9c6	.eJxVjEEOwiAQRe_C2pAOEKa4dO8ZyDBMpWpoUtpV490NSRe6_e-9f6hI-1bi3mSNc1ZXBeryuyXil9QO8pPqY9G81G2dk-6KPmnT9yXL-3a6fweFWuk1JZwsgGDg4Fmc9-gGIhow-MRWECgLMPo8EdtgHJGxOAI6h2BG9fkC98M30Q:1vCTpt:5tQCa8yQk_dZcit91GEnj80J2VXAatHUGKH_T94LTKQ	2025-11-08 05:16:53.714699+03
ou5jwrwsua53kj5482tt3ykhn2fm5431	.eJxVjEEOwiAQRe_C2pAOEKa4dO8ZyDBMpWpoUtpV490NSRe6_e-9f6hI-1bi3mSNc1ZXBeryuyXil9QO8pPqY9G81G2dk-6KPmnT9yXL-3a6fweFWuk1JZwsgGDg4Fmc9-gGIhow-MRWECgLMPo8EdtgHJGxOAI6h2BG9fkC98M30Q:1vCTuM:XNd2-yOPS-F0OFIY_HZx_tiGLKugSR3EMC21sK7NOPw	2025-11-08 05:21:30.919486+03
8so3rmr7so3yd4iz3tb3faugm1v1zgno	.eJxVjsEOgjAQRP-lZ0MobbrUo3e_oVm2i0VJS0oxMcZ_VwwHuM6beZm3cLiU4JaZsxu8OAspTvusQ3pwXIG_Y7ylilIseeiqtVJtdK6uyfN42boHQcA5rGvsoFdSMliyhlgbA7pGxBqs6UgxSPQsCYzvkZRtNGKjoJWgNcim_UlnHpkKexdS4dFNOU2cy-t_2-zwk-PCR9yozxepmk9v:1vCvZt:hCtgQfRPm04a9pCH8NJSPFSMFGKyWQMiHGgte_5yKsE	2025-11-09 10:54:13.743579+03
kil20pnet1mtxziz5etwaazo6riv4w7f	.eJxVjEEOwiAQRe_C2hAGaAMu3XsGMswMUjUlKe2q8e6mSRe6_e-9v6uE21rT1mVJE6urAnX53TLSS-YD8BPnR9PU5nWZsj4UfdKu743lfTvdv4OKvR61FxFjiwzeSSFw5MtAYnGMwQmCmByBxgjBmzGyMA-2kAEMxVnOpD5fDAo46w:1vCwsB:q8BCtt5TkWZJHjlVZ7oOcxFNJZxqpbHXiqTRKre1DNU	2025-11-09 12:17:11.202288+03
tayqmvjkuemy39pjk1mfkd590zfv26zg	.eJxVjEEOwiAQRe_C2hAGaAMu3XsGMswMUjUlKe2q8e6mSRe6_e-9v6uE21rT1mVJE6urAnX53TLSS-YD8BPnR9PU5nWZsj4UfdKu743lfTvdv4OKvR61FxFjiwzeSSFw5MtAYnGMwQmCmByBxgjBmzGyMA-2kAEMxVnOpD5fDAo46w:1vCww0:JXhT1il6q59KIGpkUkvXh7YW39mehcCvlI5xrT-R3_A	2025-11-09 12:21:08.295836+03
ljjspjy0r2zka9i6imq95r1f6nql9dbm	.eJxVjEEOwiAQRe_C2pAOEKa4dO8ZyDBMpWpoUtpV490NSRe6_e-9f6hI-1bi3mSNc1ZXBeryuyXil9QO8pPqY9G81G2dk-6KPmnT9yXL-3a6fweFWuk1JZwsgGDg4Fmc9-gGIhow-MRWECgLMPo8EdtgHJGxOAI6h2BG9fkC98M30Q:1vCTyA:r3AFrtD06tcdWuQtBAEuofO2ZCNrFhRx9SiNpCXho-E	2025-11-08 05:25:26.204598+03
aw7u4z6b89dgu4i46cffxq7u6oqf8d50	.eJxVjEEOwiAQRe_C2hAGaAMu3XsGMswMUjUlKe2q8e6mSRe6_e-9v6uE21rT1mVJE6urAnX53TLSS-YD8BPnR9PU5nWZsj4UfdKu743lfTvdv4OKvR61FxFjiwzeSSFw5MtAYnGMwQmCmByBxgjBmzGyMA-2kAEMxVnOpD5fDAo46w:1vCxF0:o1-vpwLyTwHhjhTYUXJIw0dcFXYvcvugmE0MDw4MdC0	2025-11-09 12:40:46.533188+03
63mutwcfbo8z49hdu6w11vr4bohwrp3e	.eJxVjEEOwiAQRe_C2hAGaAMu3XsGMswMUjUlKe2q8e6mSRe6_e-9v6uE21rT1mVJE6urAnX53TLSS-YD8BPnR9PU5nWZsj4UfdKu743lfTvdv4OKvR61FxFjiwzeSSFw5MtAYnGMwQmCmByBxgjBmzGyMA-2kAEMxVnOpD5fDAo46w:1vCyd6:pBxHQjEz_tW7Jxpr46gJXnP5whA00D1F6tTQKsyqLFc	2025-11-09 14:09:44.536714+03
4aqj2y7q662flxb53kzirzk9o1co4g8f	.eJxVjMsOgjAURP-lW6Xp7cNbWLp3557cvgQlkNBiYoz_LiQsdDkzZ86btbSUrl1ynNs-sIYBO_52jvwjjtsQ7jTeJu6nscy94xvC9zXzyxTicN7ZP0FHuVvfiFaRUconQEvaOJmMriGCUzbqJElGYW1ymHQ4oUXnZZCIIFTUERSu0oFyacmX_tmX16qUQpoKoJL2KqARooGa69qYGg5rEIJ9vkaSRDM:1vOmtf:emYfM0Ngh9lE2Jdf0XxjnAjAmUWXpb6VYQYNxi5su9U	2025-11-28 04:33:39.40667+03
wxblqacgoztz69c7t7on6mc86tabx4s2	.eJxVjLkOwjAQRP_FLWDt-mBNSno6-mh9kUCUSLGDhBD_TpAooJyZN-8pWl5q1y4lzW0fRSNQbH87z-GWxs8QrzxeJhmmsc69lx9EftciT1NMw_HL_gk6Lt36JnKardYhIzk21qtszQETeu2SyYpVAueyp2zinhz5oKIiQtDJJNS0SgcuteVQ-3tfH6tSgbI7xJ1yZzAN2gZAgj5YbTcAaxCvN0Y4RCo:1vOrQF:y92-MYpdObnzqw2SpTIowUKMQKItpnx2n2enqUiELp0	2025-11-28 09:23:35.436441+03
6q96pwebkhi3tfizrx37pfi8usegb75y	.eJxVjMsOgjAQRf-lW6XpTFunsnTvzj2ZvgQlkEAxMcZ_FxIXur3nnvMSDS-lbZY5TU0XRS1A7H83z-Gehg3EGw_XUYZxKFPn5XaRXzrL8xhTf_p-_wItz-1qEznNVuuQgRwb6zFbc4QEXrtkMjIm5Vz2lE08kCMfMCIRKJ1MAk1rtOe5NBxK9-jKc02iQlsBVGguYGu0tTZSOVztnVK1UuL9AUbDRDY:1vNaf6:gK71j1NXSv_lI6pciIgJBzk_ubwHAKgf9AOKQL9jndc	2025-11-24 21:17:40.58333+03
sktrlfgdh3l28bp7t3fixhffmi2btmf4	.eJxVjLsKwkAQRf9lW3WZ2YczSWlvZx9mXyYqCZhVEPHfjWCh7T3nnqfq5Fb77jbnazck1SpU698tSDzn8QPSScbjpOM01usQ9EfRXzrr_ZTyZfd1_wK9zP3yJmIr3tpYkFicD6Z412DGYDm7YsRkYC6BiktbYgrRJEOEYLPLaGmJXmSuncQ63If6WJIGjN8gbgwfkFtoWt9oC1u2tAJoAdTrDUfWREI:1vP3BS:rKMSw39wZcT3Yu9D4JQXBS-UblCJUQhZk66d4g-p_nI	2025-11-28 21:57:06.88301+03
awu03qn3cjpxc4ltxlaxset299p2490m	.eJxVjMsOgjAQRf-lW6Xp9MEUlu7duW-mL0EJJFBMjPHfhcSFbu8597yYo7V0bl3S7PrIWgbs-Lt5Cvc07iDeaLxOPExjmXvPd4V_6cLPU0zD6ev-BTpauu2NaBUZpUIGtKSNl9noBhJ4ZZPOkmQS1maPWccaLfogo0QEoZJOoHCLDrQUR6H0j748t6QU0lQAlWwuULfKtoBcaNvUcBCiFYK9P0edRD4:1vPNxh:j5WdA7zrjz-4Vi48sQR48zguXc-fDFo3mx5ejsZHAtM	2025-11-29 20:08:17.050134+03
v4h3npj5e624k9cltiaky9o4et8yzjwq	.eJxVjLsOgkAQRf9lW2Uzsw9nobS3syezL0EJJLCYGOO_i4mFtvece56i5bV07bqkue2jaASK_e_mOdzS-AHxyuNlkmEay9x7-VHkly7yNMU0HL_uX6DjpdveRE6z1TpkJMfGepWtqTGh1y6ZrFglcC57yiYeyJEPKioiBJ1MQk1bdOCltBxKf-_LY0sqULZCrBSdwTagG6wl1NaB3gE0AOL1BkarRDE:1vOWcO:-1RSsPm_dlG1rX2X4Phf9wj3VRTieJIGuOd-5kxgp1k	2025-11-27 11:10:44.79893+03
i81x3zy3yj9djzvd71mdeevcq7xc2wvl	.eJxVjDsOwjAQBe_iFmLtrp2sSUlPRx-tfySAEok4SAhxd4JEAe2befNUnSyl75Y53bohqlah2v5uXsIljR8QzzKeJh2msdwGrz-K_tJZH6aYrvuv-xfoZe7XN7MzUhsTMrITW3vKtd1hQm9cspmEEjiXPWcbG3bsA0ViRjDJJjS8Rq8yl05CGe5DeaxJAqorxIr4iNgStdDohsEaswFoAdTrDUYuRCk:1vOcJv:P-sDrIz1VwgA5EZU0Wr4o2_D75aoQOkTZZoGtDQ1Jdg	2025-11-27 17:16:03.056336+03
rn9r4z7sj5g511hgmdobj69vyd73smm8	.eJxVjDsOwjAQBe_iGllZf9iFkp4zWGt7jQPIkeKkQtwdIqWA9s3Me6nA61LD2mUOY1ZnBerwu0VOD2kbyHdut0mnqS3zGPWm6J12fZ2yPC-7-3dQuddvjUiWvbWpABI7H03x7gQC0ZK4YtjIQFQiFpePSBiTyQYRBitOwKJ6fwDPRDdP:1vIpyz:N4Z2cFktRf4xGnn3Wxn6NMwD4KMbL8XLNkEgWcy86eg	2025-11-25 18:08:33.000175+03
o3m71b0u2whp84xe7i46ah5k9rg6d54h	.eJxVjssOwiAURP-FtSG82hSX7v0GAvdepNqUBujCGP_d1nSh2zkzJ_Nizq8tubVScSOyM5Ps9JsFDw-ad4B3P98yhzy3Mga-V_hBK79mpOlydP8Eyde0rw0RCRWpM5oiSA0mdkDK93bQ5CWJYCX0Vg5G9BYJsVMRhPRD1AoDbNJKE0EjdClvZreUvFBpz-9tJd4f7txE0w:1vCypR:GIYzlNzJLtnPN1cn1xzs496pLLB80Dao5vu6oJxJdxA	2025-11-09 14:22:29.899842+03
hdr8fu1cwfpozupcx903olp0l3b86olc	.eJxVjMsOwiAQRf-FtSEDU2Dq0r3fQBgGpGrapI-V8d-1SRe6veec-1IxbWuL21LmOIg6K9Or0-_IKT_KuBO5p_E26TyN6zyw3hV90EVfJynPy-H-HbS0tG-NHbHJVD1yJQ6mpxDAkrPWAyIFKchYnetJOECx0kGCLBbQegM-qfcH4lA25A:1vMjKz:44cgeny9skZhHEvPm9ha4fRrHZcq98iyrfbqZLWc0m8	2025-12-06 11:51:21.190017+03
rwmw8d2r8lqhy8o5jg9bx9gcbopej6dv	.eJxVjDsOwjAQBe_iGllZf9iFkp4zWGt7jQPIkeKkQtwdIqWA9s3Me6nA61LD2mUOY1ZnBerwu0VOD2kbyHdut0mnqS3zGPWm6J12fZ2yPC-7-3dQuddvjUiWvbWpABI7H03x7gQC0ZK4YtjIQFQiFpePSBiTyQYRBitOwKJ6fwDPRDdP:1vJ5kJ:fkcF1cWBG2fRZjeBNzHBpgvNbUP--LsJSmxZ9Wu39xs	2025-11-26 10:58:27.551674+03
defvrb414sxgl7zz7jr9jfp1b00le5es	.eJxVjDsOwjAQBe_iGllZf9iFkp4zWGt7jQPIkeKkQtwdIqWA9s3Me6nA61LD2mUOY1ZnBerwu0VOD2kbyHdut0mnqS3zGPWm6J12fZ2yPC-7-3dQuddvjUiWvbWpABI7H03x7gQC0ZK4YtjIQFQiFpePSBiTyQYRBitOwKJ6fwDPRDdP:1vJR9v:sfoeoiJvyLmy9gVB7oRn034puwRaPiib6pcPzE8Y2YE	2025-11-27 09:50:19.502419+03
t4txkkkeazns5yloxrfe9nxc8j2z8kyi	.eJxVjDsOwjAQBe_iGllZf9iFkp4zWGt7jQPIkeKkQtwdIqWA9s3Me6nA61LD2mUOY1ZnBerwu0VOD2kbyHdut0mnqS3zGPWm6J12fZ2yPC-7-3dQuddvjUiWvbWpABI7H03x7gQC0ZK4YtjIQFQiFpePSBiTyQYRBitOwKJ6fwDPRDdP:1vKGAq:J4ZIyNRgmNDzBFomCrtembu4-NtCZzPY64X-DzUza-Q	2025-11-29 16:18:40.58217+03
eofn9fn1fs8ku9je20185qdol9yfdgwt	.eJxVjDsOwjAQBe_iGllZf9iFkp4zWGt7jQPIkeKkQtwdIqWA9s3Me6nA61LD2mUOY1ZnBerwu0VOD2kbyHdut0mnqS3zGPWm6J12fZ2yPC-7-3dQuddvjUiWvbWpABI7H03x7gQC0ZK4YtjIQFQiFpePSBiTyQYRBitOwKJ6fwDPRDdP:1vKZUC:RhYxm7QgC4HmcvC26ianD94a-Ij6Q1FlvSA3ZJnBaq0	2025-11-30 12:55:56.132424+03
2z1u5kpkezs70vxpwi4b4axqwra032gf	.eJxVjMsOgjAQRf-lW6XpTFumsHTvzj2ZvgQlkEg1McZ_FxIXur3n3PMSHd9L392XdOuGKFoBYv-7eQ7XNG0gXng6zzLMU7kNXm6K_NJFHueYxsPX_Qv0vPTrm8hptlqHDOTYWI_ZmgYSeO2SyciYlHPZUzaxJkc-YEQiUDqZBJrW6MhL6TiU4TGU55pEhbYCqLA5Qd3qugUnbQMGcadUq5R4fwBHZEQ4:1vPNvm:S17gougtvqjROP-VmSf6CW8PEDL31SzHzIsoWoxjWy8	2025-11-29 20:06:18.591422+03
tq1lo0h6ba0nq1y7ya7n3jk21jthayue	.eJxVjEEOwiAQRe_C2hAGaAMu3XsGMswMUjUlKe2q8e6mSRe6_e-9v6uE21rT1mVJE6urAnX53TLSS-YD8BPnR9PU5nWZsj4UfdKu743lfTvdv4OKvR61FxFjiwzeSSFw5MtAYnGMwQmCmByBxgjBmzGyMA-2kAEMxVnOpD5fDAo46w:1vCzkn:3Jo2sb2VONAszEcj69d0sZeKyyPFWc-F5bnuw4tQSWM	2025-11-09 15:21:45.246044+03
sibra4zpsm3bs043nskpruewyxiosv0e	.eJxVjDsOwjAQBe_iGllZf9iFkp4zWGt7jQPIkeKkQtwdIqWA9s3Me6nA61LD2mUOY1ZnBerwu0VOD2kbyHdut0mnqS3zGPWm6J12fZ2yPC-7-3dQuddvjUiWvbWpABI7H03x7gQC0ZK4YtjIQFQiFpePSBiTyQYRBitOwKJ6fwDPRDdP:1vJRGH:r9GrX4xW0nAB53rVK_D8ddq1xIJ4Jq2j-7UXQR6eGlY	2025-11-27 09:56:53.944542+03
vsuslbem4dtao73k847sj6xlqik6jwar	.eJxVjDsOwjAQBe_iFrB27U3WpKSno4_WPxJAiUQMEkLcnURKAe2befNWrTxK1z6mdG_7qBqFavu7eQnXNCwgXmQ4jzqMQ7n3Xi-KXumkj2NMt8Pq_gU6mbr5zeysVNaGjOyEKm9yRXtM6K1LlI2YBM5lz5lizY59MNEwI9hECS3P0ZtMpZVQ-mdfXnPSgKl2iDuzPyE3BA2RrolrgA1AA6A-X0cURDM:1vPOw8:yIbalsK8mZPtrnVhAFpX-fqmzHhZ45HAUHW47kHnr7M	2025-11-29 21:10:44.648596+03
i2rrroon1hrwb3uc97m5jnj2s3non4ub	.eJxVjssOwiAURP-FtSHlUS-6dO83kAtcpNqUBujCGP_d1nSh2zkzJ_NiFpeW7FKp2CGwMxPs8Js59A-aNhDuON0y93lqZXB8q_CdVn7NgcbL3v0TJKxpXQMYhb1SPgowqHsnY69PgoRThnSUKKkzJjqIOhzBgPMySADRKdIkFKzSSiP5RsGmvJrtXPJMpT2_t2X3_gB-pUM3:1vKtfo:qrEPV9cHfO34wDOLZslvlcrRxasCiodHSpOJtDaHMtg	2025-12-01 10:29:16.512645+03
syebon8so3ikvhp8nzgxde95rk1lcbzr	.eJxVjDsOwjAQBe_iFrDWa5s1Lunp6KP1jwSiREocJIS4O0GigPbNvHmKhpfaNsucp6ZLwgsltr9b4HjLwwekKw-XUcZxqFMX5EeRXzrL05hyf_y6f4GW53Z9EznNVutYFDk2NmCx5qCyCtplU5Axg3MlUDFpT45CxIRECnQ2WWlaoz3PteFYu3tXH2sSAe1O4Q7wDM5b642VGg7WmQ2ABxCvN0byRDg:1vQMyu:CI_bJeegj9k6e1A0R3aeRiRy0auVZSxkRN3XYZ3-bOI	2025-12-02 13:17:36.134922+03
xkm90me6i7sqex5p29srscicfc9ojy9c	.eJxVjDsOwjAQBe_iFrB21zZrUtLT0UfrHwlEiUQMEkLcnSBRQPtm3jxVK7fatbc5X9s-qUahWv9uQeIljx-QzjKeJh2nsV77oD-K_tJZH6aUh_3X_Qt0MnfLm9kbccbEguzFukDF2R1mDMZnW0gog_clcLFpy55DpETMCCbbjIaX6CBzbSXW_t7Xx5IkILdB3JA5gmto15DTDrYAuAJoANTrDUYlRCU:1vN5kt:eG0-45j9Y8Dv3zlHLNudL8oP4nf1SegUfM9ngHdGwto	2025-11-23 12:17:35.345528+03
j4hd5ng4x334r6hfwlodabedz0q2fo2m	.eJxVjEEOwiAQRe_C2hAGaAMu3XsGMswMUjUlKe2q8e6mSRe6_e-9v6uE21rT1mVJE6urAnX53TLSS-YD8BPnR9PU5nWZsj4UfdKu743lfTvdv4OKvR61FxFjiwzeSSFw5MtAYnGMwQmCmByBxgjBmzGyMA-2kAEMxVnOpD5fDAo46w:1vCzr8:p-s2w7t2A2eoqs6Ju3_h1SB1e_tL5c-QazHP39ocyMc	2025-11-09 15:28:18.030004+03
2v9kknsgrjc6amlrjkw8rpx96cymnbvl	.eJxVjDsOwjAQBe_iGllZf9iFkp4zWGt7jQPIkeKkQtwdIqWA9s3Me6nA61LD2mUOY1ZnBerwu0VOD2kbyHdut0mnqS3zGPWm6J12fZ2yPC-7-3dQuddvjUiWvbWpABI7H03x7gQC0ZK4YtjIQFQiFpePSBiTyQYRBitOwKJ6fwDPRDdP:1vJasj:vXoMNZ2KLbB3On_-kSEPmlkBavXeDyKz4wCeuopBUCg	2025-11-27 20:13:13.238525+03
gwffijzb8hew8eyzl27v8l7lmluwaomz	.eJxVjE0PgjAQRP9Lr0qz2xa2cPTuzTvZfglKIIFiYoz_XUg8aDKnmTfvJVpec9euS5zbPohGoDj-do79PY77EG48XifppzHPvZM7Ir_rIs9TiMPpy_4JOl667U1kNZda-4Rk2ZROpdLUGNFpG01SrCJYmxwlEyqy5LwKighBRxNR0yYdeMkt-9w_-vzclApUWSAWGi5QN1tQyao2VaUPAA2AeH8ARt5ENw:1vPfVj:rK9wxQ9VSfcPyk4wWEYoeVj_38jK-iXbTPnOF8GC4Hs	2025-11-30 14:52:35.834058+03
n6arszw0gu4x30ad4i8r92frkwwp003l	.eJxVjDsOwjAQBe_iGllZf9iFkp4zWGt7jQPIkeKkQtwdIqWA9s3Me6nA61LD2mUOY1ZnBerwu0VOD2kbyHdut0mnqS3zGPWm6J12fZ2yPC-7-3dQuddvjUiWvbWpABI7H03x7gQC0ZK4YtjIQFQiFpePSBiTyQYRBitOwKJ6fwDPRDdP:1vJpU8:Iacv1PhKoQIx1vJsFZwWgExnRn0fbcafLyJaT84PxOY	2025-11-28 11:48:48.825093+03
sp92eh4qvosrsjmbfpyplrmlh28ytv7s	.eJxVjDsOwjAQBe_iGllZf9iFkp4zWGt7jQPIkeKkQtwdIqWA9s3Me6nA61LD2mUOY1ZnBerwu0VOD2kbyHdut0mnqS3zGPWm6J12fZ2yPC-7-3dQuddvjUiWvbWpABI7H03x7gQC0ZK4YtjIQFQiFpePSBiTyQYRBitOwKJ6fwDPRDdP:1vLE3F:C7mGcpQwuh8qnzx34puRoUdFbqeRH_afV_otEm9gndU	2025-12-02 08:14:49.951457+03
vts9e9x4ao8e7y10sof386vttyg1rser	.eJxVjkEOwiAURO_StWmAUlJcuvcMBD6DVJtigC6M8e62pgu7nTfzMu_G2KVGsxRkM_rm3PDm9J85Sw_MG_B3O99SS2mueXTtVml3Wtpr8pgue_cgiLbEbS0BMBHQyw6BeEcy9ARhlR46WA7mNCel-SCZ0h7e9yIQ43YInfCOVmnBBKrwJqbVbJ45PZHr63dbsAOvmI5cfb79zlCH:1vDHLK:QClthbouBxR0-dYnQcDAqMytyCosMdZspB5kpZoGV2c	2025-11-10 10:08:38.662267+03
n0k6f38zf1k2nhib0mzpestpuc2y6day	.eJxVjssOgjAURP-la0P6goBL935D0947FZRQQ8vCGP9dMCxkO2fmZN7C-aX0bsmY3cDiLJQ4_WfB0wPTBvjup1uqKE1lHkK1Vaqd5uqaGONl7x4Evc_9trYApI6orUEkZcjGmqB907UGXkGGTlHTqdbKpmMw1zqSVL6NRnOgVZoxggrY9Wk1u-ecnpjL63dbywMvGI9cyc8XTjhQsg:1vDKCC:IUdiJOQJ06x23vzNoS1uPkL3vDis-49T9gIF1g65yls	2025-11-10 13:11:24.974361+03
w3gsfdq0og3m3xl8yy8giprqlc95ovb9	.eJxVjEEOwiAQRe_C2hAGaAMu3XsGMswMUjUlKe2q8e6mSRe6_e-9v6uE21rT1mVJE6urAnX53TLSS-YD8BPnR9PU5nWZsj4UfdKu743lfTvdv4OKvR61FxFjiwzeSSFw5MtAYnGMwQmCmByBxgjBmzGyMA-2kAEMxVnOpD5fDAo46w:1vDL34:chgdqzatvCUy5LYm2XoFeIhTMwRgEXUaZNPIVeJSQUI	2025-11-10 14:06:02.243173+03
ux6kmill765u95qr0im8v3v56rzv38wn	.eJxVjDsOwjAQBe_iGllZf9iFkp4zWGt7jQPIkeKkQtwdIqWA9s3Me6nA61LD2mUOY1ZnBerwu0VOD2kbyHdut0mnqS3zGPWm6J12fZ2yPC-7-3dQuddvjUiWvbWpABI7H03x7gQC0ZK4YtjIQFQiFpePSBiTyQYRBitOwKJ6fwDPRDdP:1vLVpP:qwaIvnXakRk0bb7h-BEn-7pZAbttplYktqpIk707Cls	2025-12-03 03:13:43.863566+03
cdnnq9zlzz8pr9sf07m9lys8djrs6u50	.eJxVjEEOwiAQRe_C2hAGaAMu3XsGMswMUjUlKe2q8e6mSRe6_e-9v6uE21rT1mVJE6urAnX53TLSS-YD8BPnR9PU5nWZsj4UfdKu743lfTvdv4OKvR61FxFjiwzeSSFw5MtAYnGMwQmCmByBxgjBmzGyMA-2kAEMxVnOpD5fDAo46w:1vDRXA:dGQtoUxmmnX8Kkm5X9by-7hnV0OsYGcCIs2-hZQs4JQ	2025-11-10 21:01:32.228527+03
6h1jsnmo5pmbtch0snqslvnzrakrzuvl	.eJxVjjsOwjAQRO_iGln-sg4lPWewNvYGB6I4sp0CIe4OQSmgnTfzNE_mcW3Jr5WKHyM7MSXZ4TfsMdxp3ki84XzNPOS5lbHnW4XvtPJLjjSd9-6fIGFN2xqkPQZlkEwAUj1AFJ2JzhjhNJluiBYGQCFJoQMLGtE55YTUSgqr3UdaaaLQKPqUG01-KXmh0h7f38q-3pibQs8:1vLztU:dO8FX8oAJlc3YXLiqZXhtsHIYRhiEv39wFKrHTLZp_c	2025-12-04 11:19:56.406212+03
ewpql92s79m8bzdod0a3oq8m1ssgfxy3	.eJxVjEEOwiAQRe_C2hAGaAMu3XsGMswMUjUlKe2q8e6mSRe6_e-9v6uE21rT1mVJE6urAnX53TLSS-YD8BPnR9PU5nWZsj4UfdKu743lfTvdv4OKvR61FxFjiwzeSSFw5MtAYnGMwQmCmByBxgjBmzGyMA-2kAEMxVnOpD5fDAo46w:1vI2HJ:Rtp3qVPHT7y3EX7DzHoZrwulbG0UwgepvhTno_9XMDg	2025-11-23 13:04:09.248953+03
2vw91pmuwe7zu9etiik6n4peo92mysxm	.eJxVjDsOwjAQBe_iGln-shtKes5gre0NDiBbipMKcXdkKQW0b2beWwTatxL2zmtYsrgIo8Xpd4yUnlwHyQ-q9yZTq9u6RDkUedAuby3z63q4fweFehk1aH9OxhG7BGwiQFaTy-icQstumrOHGUhpNoTgwRIhGlTaGq28RfH5AvZwNuo:1vLb6A:Mm7xd5_GysTUkhN35tL6wRqmVlwGGqx9FU9coTAi3jA	2025-12-03 08:51:22.917483+03
tm8i5y85ra0mzzgxeb4p225lg2cd1nxg	.eJxVjDsOwjAQBe_iGln-shtKes5gre0NDiBbipMKcXdkKQW0b2beWwTatxL2zmtYsrgIo8Xpd4yUnlwHyQ-q9yZTq9u6RDkUedAuby3z63q4fweFehk1aH9OxhG7BGwiQFaTy-icQstumrOHGUhpNoTgwRIhGlTaGq28RfH5AvZwNuo:1vLbQ1:ww726tl19dN7YU7ssp3as1D8GDtV8BorTPPOiWkixRM	2025-12-03 09:11:53.947472+03
m4l3f3p78y4nzwukxm00d8067nyap2xd	.eJxVjssOgjAURP-FtWnoA0JduvcbmnLv1KKEGloWxvjvgmEh2zkzJ_OunF9KdEvG7AauzpWsTv9Z7-mBaQN899MtCUpTmYdebBWx0yyuiTFe9u5BEH2O29oAqFVAYzQCSU0mNATlW9tpeIm6t5JaKztTt5bB3KhAtfRd0Ip7WqUZI6iAXUyr2T3n9MRcXr_b6oALxiNuP1-zeFBX:1vDlXq:6ZuG4MYJ42SUJrl5oJeAYgpm0ewmoP1RD504XWH-mSQ	2025-11-11 18:23:34.435586+03
\.


--
-- Data for Name: documents_booking; Type: TABLE DATA; Schema: public; Owner: postgres
--

COPY public.documents_booking (id, check_in, check_out, total_amount, status, created_at, property_ref_id, tenant_id) FROM stdin;
\.


--
-- Data for Name: documents_document; Type: TABLE DATA; Schema: public; Owner: postgres
--

COPY public.documents_document (id, file_name, file, uploaded_at, booking_id, property_ref_id, user_id, lease_id) FROM stdin;
\.


--
-- Data for Name: documents_lease; Type: TABLE DATA; Schema: public; Owner: postgres
--

COPY public.documents_lease (id, start_date, end_date, rent_amount, status, created_at, property_ref_id, tenant_id) FROM stdin;
1	2025-09-23	2026-09-23	500.00	active	2025-10-23 12:33:44.382438+03	3	4
\.


--
-- Data for Name: expenses; Type: TABLE DATA; Schema: public; Owner: postgres
--

COPY public.expenses (id, description, amount, incurred_date, property_id) FROM stdin;
\.


--
-- Data for Name: invoices; Type: TABLE DATA; Schema: public; Owner: postgres
--

COPY public.invoices (id, lease_id, booking_id, amount, due_date, status, created_at, tenant_id) FROM stdin;
1	5	\N	567.77	2025-10-14	cancelled	2025-10-23 07:54:41.659196+03	13
2	3	\N	973.58	2025-11-03	paid	2025-10-23 07:54:41.665188+03	12
3	1	\N	315.60	2025-10-20	cancelled	2025-10-23 07:54:41.666189+03	12
4	5	\N	872.42	2025-11-16	paid	2025-10-23 07:54:41.667191+03	5
5	3	\N	550.39	2025-11-09	paid	2025-10-23 07:54:41.668188+03	4
6	5	\N	872.31	2025-11-12	unpaid	2025-10-23 07:54:41.669254+03	13
7	1	\N	807.72	2025-11-02	unpaid	2025-10-23 07:54:41.670254+03	13
8	4	\N	562.01	2025-10-17	unpaid	2025-10-23 07:54:41.671253+03	12
9	5	\N	971.56	2025-10-29	paid	2025-10-23 07:54:41.672252+03	4
10	4	\N	532.05	2025-11-21	cancelled	2025-10-23 07:54:41.672252+03	13
\.


--
-- Data for Name: maintenance_maintenancerequest; Type: TABLE DATA; Schema: public; Owner: postgres
--

COPY public.maintenance_maintenancerequest (id, title, description, created_at, property_id, tenant_id, actual_cost, assigned_to_id, completed_at, estimated_cost, priority, status, updated_at, admin_notes) FROM stdin;
10	wewe	wwwww	2025-10-23 11:48:17.884692+03	3	1	\N	1	2025-10-23 12:11:02.738411+03	\N	medium	completed	2025-10-23 12:11:02.739411+03	\N
11	www	www	2025-10-23 11:52:18.257613+03	3	1	\N	1	2025-10-26 12:09:55.882844+03	\N	medium	completed	2025-11-12 11:02:42.320254+03	wewe
\.


--
-- Data for Name: payment_audit; Type: TABLE DATA; Schema: public; Owner: postgres
--

COPY public.payment_audit (id, old_status, new_status, changed_at, payment_id) FROM stdin;
\.


--
-- Data for Name: payment_providers; Type: TABLE DATA; Schema: public; Owner: postgres
--

COPY public.payment_providers (id, name, description, provider_type, is_active, transaction_fee, created_at, updated_at) FROM stdin;
1	M-Pesa	\N	gateway	t	0.00	2025-11-28 20:48:14.703941+03	2025-11-28 20:48:14.709946+03
2	Airtel Money	\N	gateway	t	0.00	2025-11-28 20:48:14.703941+03	2025-11-28 20:48:14.709946+03
3	Tigo Pesa	\N	gateway	t	0.00	2025-11-28 20:48:14.703941+03	2025-11-28 20:48:14.709946+03
4	Bank Transfer	\N	gateway	t	0.00	2025-11-28 20:48:14.703941+03	2025-11-28 20:48:14.709946+03
5	Cash	\N	gateway	t	0.00	2025-11-28 20:48:14.703941+03	2025-11-28 20:48:14.709946+03
6	AZAM Pay	AZAM Pay Payment Gateway	gateway	t	0.00	2025-11-28 20:48:14.703941+03	2025-11-28 20:48:14.709946+03
\.


--
-- Data for Name: payment_transactions; Type: TABLE DATA; Schema: public; Owner: postgres
--

COPY public.payment_transactions (id, selcom_reference, request_payload, response_payload, status, created_at, updated_at, payment_id, provider_id, azam_reference, gateway_transaction_id) FROM stdin;
1	\N	{"property_id": 19, "visit_payment_id": 1}	\N	initiated	2025-11-27 07:59:04.948286+03	2025-11-27 07:59:04.948286+03	31	6	RENT-31-1764219544.948286	AZAM-31-1764219544
2	\N	{"property_id": 20, "visit_payment_id": 2}	\N	initiated	2025-11-27 14:22:06.654211+03	2025-11-27 14:22:06.654211+03	32	6	RENT-32-1764242526.652262	AZAM-32-1764242526
\.


--
-- Data for Name: payments; Type: TABLE DATA; Schema: public; Owner: postgres
--

COPY public.payments (id, amount, paid_date, status, transaction_ref, created_at, invoice_id, tenant_id, provider_id, notes, payment_method, reference_number, booking_id, lease_id, processor_response, recorded_by_id, rent_invoice_id, transaction_id, updated_at) FROM stdin;
1	421.08	2025-10-05	failed	TXN806275	2025-10-23 07:54:41.673252+03	6	5	2	\N	cash	\N	\N	\N	\N	\N	\N	\N	2025-11-16 12:29:19.077292+03
2	154.47	2025-10-12	failed	TXN826468	2025-10-23 07:54:41.679252+03	10	12	2	\N	cash	\N	\N	\N	\N	\N	\N	\N	2025-11-16 12:29:19.077292+03
3	94.75	\N	successful	TXN751051	2025-10-23 07:54:41.680758+03	9	12	4	\N	cash	\N	\N	\N	\N	\N	\N	\N	2025-11-16 12:29:19.077292+03
4	288.36	\N	failed	TXN656409	2025-10-23 07:54:41.687766+03	10	5	1	\N	cash	\N	\N	\N	\N	\N	\N	\N	2025-11-16 12:29:19.077292+03
5	760.58	\N	pending	TXN840413	2025-10-23 07:54:41.688768+03	1	12	5	\N	cash	\N	\N	\N	\N	\N	\N	\N	2025-11-16 12:29:19.077292+03
6	170.29	2025-10-02	failed	TXN400542	2025-10-23 07:54:41.689764+03	1	5	5	\N	cash	\N	\N	\N	\N	\N	\N	\N	2025-11-16 12:29:19.077292+03
7	592.03	2025-09-28	pending	TXN980086	2025-10-23 07:54:41.690764+03	6	13	1	\N	cash	\N	\N	\N	\N	\N	\N	\N	2025-11-16 12:29:19.077292+03
8	62.65	\N	successful	TXN226057	2025-10-23 07:54:41.692089+03	8	4	2	\N	cash	\N	\N	\N	\N	\N	\N	\N	2025-11-16 12:29:19.077292+03
9	515.39	\N	failed	TXN195585	2025-10-23 07:54:41.693098+03	7	11	3	\N	cash	\N	\N	\N	\N	\N	\N	\N	2025-11-16 12:29:19.077292+03
10	710.20	2025-09-28	pending	TXN860498	2025-10-23 07:54:41.695097+03	1	12	3	\N	cash	\N	\N	\N	\N	\N	\N	\N	2025-11-16 12:29:19.077292+03
11	271.01	\N	failed	TXN872062	2025-10-23 07:54:41.696104+03	3	12	3	\N	cash	\N	\N	\N	\N	\N	\N	\N	2025-11-16 12:29:19.077292+03
12	746.00	2025-09-28	successful	TXN580216	2025-10-23 07:54:41.697098+03	1	13	2	\N	cash	\N	\N	\N	\N	\N	\N	\N	2025-11-16 12:29:19.077292+03
13	682.96	2025-09-28	pending	TXN949293	2025-10-23 07:54:41.698472+03	10	11	3	\N	cash	\N	\N	\N	\N	\N	\N	\N	2025-11-16 12:29:19.077292+03
14	441.12	\N	failed	TXN128997	2025-10-23 07:54:41.698472+03	4	4	4	\N	cash	\N	\N	\N	\N	\N	\N	\N	2025-11-16 12:29:19.077292+03
15	599.97	2025-10-22	failed	TXN681078	2025-10-23 07:54:41.699486+03	8	11	2	\N	cash	\N	\N	\N	\N	\N	\N	\N	2025-11-16 12:29:19.077292+03
16	2500.00	2025-10-29	successful	VB002	2025-11-16 12:31:26.069811+03	\N	15	\N		cash	VB002	12	\N	\N	1	\N	\N	2025-11-16 12:31:26.069811+03
17	1200000.00	2025-10-25	pending	\N	2025-11-16 12:31:26.085926+03	\N	8	\N	Monthly rent payment	bank_transfer	\N	7	\N	\N	8	\N	\N	2025-11-16 12:31:26.085926+03
18	50000.00	2025-10-25	pending	\N	2025-11-16 12:31:26.089927+03	\N	8	\N	Late payment fee	cash	\N	5	\N	\N	8	\N	\N	2025-11-16 12:31:26.089927+03
19	500000.00	2025-10-25	successful	HSE-000009	2025-11-16 12:31:26.092925+03	\N	21	\N	Malipo	cash	HSE-000009	10	\N	\N	1	\N	\N	2025-11-16 12:31:26.092925+03
20	600000.00	2025-10-20	pending	\N	2025-11-16 12:31:26.096926+03	\N	8	\N	Monthly rent payment	mobile_money	\N	8	\N	\N	8	\N	\N	2025-11-16 12:31:26.096926+03
21	1200000.00	2025-10-15	pending	\N	2025-11-16 12:31:26.100925+03	\N	8	\N	Security deposit	cash	\N	8	\N	\N	8	\N	\N	2025-11-16 12:31:26.100925+03
22	300000.00	2025-10-15	pending	\N	2025-11-16 12:31:26.104927+03	\N	8	\N	Partial rent payment	mobile_money	\N	4	\N	\N	8	\N	\N	2025-11-16 12:31:26.104927+03
23	1200000.00	2025-10-10	pending	\N	2025-11-16 12:31:26.108925+03	\N	8	\N	Security deposit	cash	\N	4	\N	\N	8	\N	\N	2025-11-16 12:31:26.108925+03
24	1500000.00	2025-10-05	pending	\N	2025-11-16 12:31:26.112928+03	\N	8	\N	Monthly rent payment	bank_transfer	\N	6	\N	\N	8	\N	\N	2025-11-16 12:31:26.112928+03
25	800000.00	2025-10-05	pending	\N	2025-11-16 12:31:26.116925+03	\N	8	\N	Security deposit refund	cash	\N	9	\N	\N	8	\N	\N	2025-11-16 12:31:26.116925+03
26	1200000.00	2025-09-30	pending	\N	2025-11-16 12:31:26.120923+03	\N	8	\N	Monthly rent payment	bank_transfer	\N	3	\N	\N	8	\N	\N	2025-11-16 12:31:26.120923+03
27	400000.00	2025-09-25	pending	\N	2025-11-16 12:31:26.122922+03	\N	8	\N	Final rent payment	mobile_money	\N	9	\N	\N	8	\N	\N	2025-11-16 12:31:26.122922+03
28	2400000.00	2025-09-25	pending	\N	2025-11-16 12:31:26.126926+03	\N	8	\N	Security deposit	bank_transfer	\N	3	\N	\N	8	\N	\N	2025-11-16 12:31:26.126926+03
29	3000000.00	2025-09-10	pending	\N	2025-11-16 12:31:26.128923+03	\N	8	\N	Security deposit	bank_transfer	\N	6	\N	\N	8	\N	\N	2025-11-16 12:31:26.128923+03
30	400000.00	2025-09-10	pending	\N	2025-11-16 12:31:26.131925+03	\N	8	\N	Last month rent	mobile_money	\N	5	\N	\N	8	\N	\N	2025-11-16 12:31:26.131925+03
31	10000.00	\N	pending	\N	2025-11-27 07:59:04.941302+03	\N	1	6	Visit payment for property: Beach House - Tanga	online	\N	\N	\N	\N	1	\N	\N	2025-11-27 07:59:04.941302+03
32	5000.00	\N	pending	\N	2025-11-27 14:22:06.627283+03	\N	1	6	Visit payment for property: Modern Duplex - Masaki	online	\N	\N	\N	\N	1	\N	\N	2025-11-27 14:22:06.627283+03
\.


--
-- Data for Name: properties; Type: TABLE DATA; Schema: public; Owner: postgres
--

COPY public.properties (id, title, description, address, latitude, longitude, bedrooms, bathrooms, size_sqft, floor_number, total_floors, rent_amount, deposit_amount, utilities_included, status, is_featured, is_furnished, pets_allowed, smoking_allowed, created_at, updated_at, available_from, owner_id, property_type_id, region_id, capacity, is_active, room_types, total_rooms, venue_type, booking_expiration_hours, district_id, admin_comments, approved_at, approved_by_id, is_approved, rejection_reason, visit_cost, rent_period) FROM stdin;
16	Executive House - Arusha CBD	Executive house near business district	Central Business District, Arusha	\N	\N	3	2	2000	\N	\N	1800000.00	\N	f	available	f	f	f	f	2025-10-25 14:08:36.916309+03	2025-10-25 14:08:36.916309+03	\N	8	13	2	\N	t	\N	\N	\N	12	\N	\N	2025-11-20 05:24:11.36545+03	8	t	\N	5000.00	month
15	Budget Apartment - Temeke	Affordable apartment for young professionals	Temeke, Dar es Salaam	\N	\N	2	1	800	\N	\N	600000.00	\N	f	occupied	f	f	f	f	2025-10-25 14:08:36.914308+03	2025-10-25 14:08:36.914308+03	\N	8	13	1	\N	t	\N	\N	\N	12	\N	\N	2025-11-20 05:24:11.367447+03	8	t	\N	5000.00	month
20	Modern Duplex - Masaki	Modern duplex with swimming pool	Masaki, Dar es Salaam	\N	\N	4	3	2800	\N	\N	2000000.00	\N	f	available	f	f	f	f	2025-10-25 14:08:36.92731+03	2025-10-25 14:08:36.92731+03	\N	8	13	1	\N	t	\N	\N	\N	12	\N	\N	2025-11-20 05:24:11.356523+03	8	t	\N	5000.00	month
18	Government House - Dodoma	Government employee housing	Dodoma City Center	\N	\N	3	2	1500	\N	\N	800000.00	\N	f	available	f	f	f	f	2025-10-25 14:08:36.922311+03	2025-10-25 14:08:36.922311+03	\N	8	13	4	\N	t	\N	\N	\N	12	\N	\N	2025-11-20 05:24:11.361446+03	8	t	\N	5000.00	month
14	Family House - Kinondoni	Spacious family home in quiet neighborhood	Kinondoni, Dar es Salaam	\N	\N	3	2	1800	\N	\N	1200000.00	\N	f	occupied	f	f	f	f	2025-10-25 14:08:36.911308+03	2025-10-25 14:08:36.911308+03	\N	8	13	1	\N	t	\N	\N	\N	12	\N	\N	2025-11-20 05:24:11.369443+03	8	t	\N	5000.00	month
13	Luxury Villa - Oyster Bay	Modern luxury villa with ocean view	Oyster Bay, Dar es Salaam	\N	\N	4	3	2500	\N	\N	2500000.00	\N	f	available	f	f	f	f	2025-10-25 14:08:36.898606+03	2025-10-25 14:08:36.898606+03	\N	8	13	1	\N	t	\N	\N	\N	12	\N	\N	2025-11-20 05:24:11.371447+03	8	t	\N	5000.00	month
3	Nyumba	nzuri	kimara	\N	\N	7	5	4000	3	4	2000000.00	200000.00	t	available	f	t	t	f	2025-10-22 08:28:24.417436+03	2025-10-22 13:36:44.793797+03	2025-10-22	1	13	1	\N	t	\N	\N	\N	12	\N	\N	2025-11-20 05:24:11.374444+03	1	t	\N	5000.00	month
2	Nyumba	nzuri	kimara	\N	\N	7	5	4000	3	4	2000000.00	200000.00	t	available	f	t	t	f	2025-10-22 08:28:17.219168+03	2025-10-22 13:33:27.172655+03	2025-10-22	1	13	1	\N	t	\N	\N	\N	12	\N	\N	2025-11-20 05:24:11.376464+03	1	t	\N	5000.00	month
19	Beach House - Tanga	Beachfront property with garden	Tanga Beachfront	\N	\N	3	2	2200	\N	\N	1500000.00	\N	f	available	f	f	f	f	2025-10-25 14:08:36.925308+03	2025-11-27 07:47:48.533364+03	\N	8	13	5	\N	t	\N	\N	\N	12	\N	\N	2025-11-20 05:24:11.359493+03	8	t	\N	10000.00	month
17	Student House - Mwanza	Student-friendly house near university	Nyamagana, Mwanza	\N	\N	2	1	600	\N	\N	400000.00	\N	f	rented	f	f	f	f	2025-10-25 14:08:36.919308+03	2025-10-25 14:08:36.919308+03	\N	8	13	3	\N	t	\N	\N	\N	12	\N	\N	2025-11-20 05:24:11.363455+03	8	t	\N	5000.00	month
25	Alfred Hotel	nzuri sana na unakaribishwa kwa muda mrefuuu kufurahi na familia yako	kimara	\N	\N	\N	\N	600	\N	\N	50000.00	\N	t	available	t	t	f	f	2025-11-19 10:27:10.885664+03	2025-11-20 11:15:35.71686+03	\N	21	12	1	\N	t	\N	13	\N	12	\N	\N	2025-11-20 11:15:35.715859+03	1	t	\N	\N	day
24	Dar es salaam ALL STAR	Welcom to Dar es salaam ALL STAR HOTEL , for better life expireance.	kimara	\N	\N	\N	\N	3000	\N	\N	30000.00	\N	t	available	t	f	f	t	2025-11-19 10:26:37.927953+03	2025-11-20 09:15:14.059619+03	\N	1	12	1	\N	t	\N	12	\N	12	\N	\N	2025-11-19 10:26:37.926936+03	1	t	\N	\N	day
21	Conference Hall A	Modern conference hall with AV equipment	123 Conference Street	\N	\N	\N	\N	2000	\N	\N	500.00	100.00	f	available	f	f	f	f	2025-10-25 23:10:18.999438+03	2025-11-20 05:17:35.780511+03	\N	15	14	9	50	t	\N	\N	Conference	12	\N	\N	2025-11-20 05:17:35.779497+03	1	t	\N	\N	day
23	Meeting Room B	Small meeting room for corporate events	789 Meeting Lane	\N	\N	\N	\N	800	\N	\N	200.00	50.00	f	available	f	f	f	f	2025-10-25 23:10:19.006063+03	2025-11-20 05:17:23.770271+03	\N	15	14	9	\N	t	\N	\N	\N	12	\N	\N	2025-11-20 05:17:23.770271+03	1	t	\N	\N	day
22	Grand Ballroom	Elegant ballroom for weddings and events	456 Ballroom Avenue	\N	\N	\N	\N	5000	\N	\N	2500.00	500.00	f	available	f	f	f	f	2025-10-25 23:10:19.002532+03	2025-11-20 05:17:30.276885+03	\N	15	14	9	150	t	\N	\N	Wedding	12	\N	\N	2025-11-20 05:17:30.276885+03	1	t	\N	\N	day
\.


--
-- Data for Name: properties_houserentreminder; Type: TABLE DATA; Schema: public; Owner: postgres
--

COPY public.properties_houserentreminder (id, reminder_type, reminder_status, scheduled_date, sent_date, due_date, days_before_due, subject, message_content, custom_message, reminder_sequence, is_overdue, delivery_status, delivery_error, delivery_reference, tenant_response, response_date, created_at, updated_at, booking_id, created_by_id, customer_id, property_obj_id) FROM stdin;
\.


--
-- Data for Name: properties_houserentreminderlog; Type: TABLE DATA; Schema: public; Owner: postgres
--

COPY public.properties_houserentreminderlog (id, action, description, metadata, created_at, performed_by_id, reminder_id) FROM stdin;
\.


--
-- Data for Name: properties_houserentreminderschedule; Type: TABLE DATA; Schema: public; Owner: postgres
--

COPY public.properties_houserentreminderschedule (id, schedule_name, schedule_type, days_before_due, overdue_interval_days, max_reminders, email_enabled, sms_enabled, push_enabled, send_time, timezone, custom_days, is_active, last_run, next_run, created_at, updated_at, property_obj_id) FROM stdin;
\.


--
-- Data for Name: properties_houserentremindersettings; Type: TABLE DATA; Schema: public; Owner: postgres
--

COPY public.properties_houserentremindersettings (id, days_before_due, overdue_reminder_interval, max_overdue_reminders, email_enabled, sms_enabled, push_enabled, custom_email_template, custom_sms_template, grace_period_days, auto_escalate_enabled, escalation_email, is_active, created_at, updated_at, property_obj_id) FROM stdin;
1	7	3	5	t	f	f			5	t		t	2025-10-25 12:17:05.236975+03	2025-10-25 12:17:05.236975+03	3
2	7	3	5	t	f	f			5	t		t	2025-10-25 12:17:05.309487+03	2025-10-25 12:17:05.309487+03	2
\.


--
-- Data for Name: properties_houserentremindertemplate; Type: TABLE DATA; Schema: public; Owner: postgres
--

COPY public.properties_houserentremindertemplate (id, name, template_type, category, subject, content, variables_help, is_active, is_default, created_at, updated_at) FROM stdin;
1	Upcoming Payment Email	email	upcoming	Rent Payment Reminder - {{property_title}}	Dear {{tenant_name}},\n\nThis is a friendly reminder that your rent payment for {{property_title}} is due on {{due_date}}.\n\nAmount Due: Tsh {{amount}}\nDue Date: {{due_date}}\n\nPlease ensure your payment is made on time to avoid any late fees.\n\nThank you for your prompt attention to this matter.\n\nBest regards,\nProperty Management Team		t	t	2025-10-25 12:22:07.191085+03	2025-10-25 12:22:07.191085+03
2	First Overdue Email	email	overdue_1	Overdue Rent Payment - {{property_title}}	Dear {{tenant_name}},\n\nWe notice that your rent payment for {{property_title}} is now overdue.\n\nAmount Due: Tsh {{amount}}\nOriginal Due Date: {{due_date}}\nDays Overdue: {{days_overdue}}\n\nPlease make your payment as soon as possible to avoid additional late fees.\n\nIf you have any questions or concerns, please contact us immediately.\n\nBest regards,\nProperty Management Team		t	t	2025-10-25 12:22:07.19508+03	2025-10-25 12:22:07.19508+03
3	SMS Reminder	sms	upcoming	Rent Reminder	Hi {{tenant_name}}, rent for {{property_title}} (Tsh {{amount}}) is due {{due_date}}. Please pay on time.		t	t	2025-10-25 12:22:07.197079+03	2025-10-25 12:22:07.197079+03
4	Final Notice Email	email	final_notice	FINAL NOTICE - Overdue Rent Payment - {{property_title}}	Dear {{tenant_name}},\n\nThis is your FINAL NOTICE regarding your overdue rent payment for {{property_title}}.\n\nPayment Details:\n- Property: {{property_title}}\n- Amount Due: TZS {{amount:,.0f}}\n- Due Date: {{due_date}}\n- Days Overdue: {{days_overdue}}\n- Late Fee: TZS {{late_fee:,.0f}}\n- Total Amount: TZS {{total_amount:,.0f}}\n\nThis is your final opportunity to make payment before we proceed with further action.\n\nPlease contact us immediately to resolve this matter.\n\nBest regards,\nProperty Management Team		t	t	2025-10-25 12:22:44.722385+03	2025-10-25 12:22:44.722385+03
\.


--
-- Data for Name: property_amenities; Type: TABLE DATA; Schema: public; Owner: postgres
--

COPY public.property_amenities (id, created_at, amenity_id, property_id) FROM stdin;
4	2025-10-22 08:28:17.239049+03	2	2
5	2025-10-22 08:28:17.239049+03	4	2
6	2025-10-22 08:28:17.239049+03	5	2
7	2025-10-22 08:28:17.239049+03	6	2
8	2025-10-22 08:28:17.239049+03	8	2
9	2025-10-22 08:28:17.239049+03	11	2
11	2025-10-22 08:28:17.239049+03	13	2
12	2025-10-22 08:28:24.426441+03	2	3
13	2025-10-22 08:28:24.426441+03	4	3
14	2025-10-22 08:28:24.426441+03	5	3
15	2025-10-22 08:28:24.426441+03	6	3
16	2025-10-22 08:28:24.426441+03	8	3
17	2025-10-22 08:28:24.426441+03	11	3
19	2025-10-22 08:28:24.426441+03	13	3
20	2025-11-19 10:26:37.946624+03	1	24
21	2025-11-19 10:26:37.946624+03	4	24
22	2025-11-19 10:26:37.946624+03	5	24
23	2025-11-19 10:26:37.946624+03	6	24
24	2025-11-19 10:26:37.946624+03	7	24
25	2025-11-19 10:26:37.946624+03	8	24
26	2025-11-19 10:26:37.946624+03	13	24
27	2025-11-19 10:27:10.899681+03	2	25
28	2025-11-19 10:27:10.899681+03	4	25
29	2025-11-19 10:27:10.899681+03	5	25
30	2025-11-19 10:27:10.899681+03	6	25
31	2025-11-19 10:27:10.899681+03	7	25
32	2025-11-19 10:27:10.899681+03	10	25
33	2025-11-19 10:27:10.899681+03	13	25
\.


--
-- Data for Name: property_complaints; Type: TABLE DATA; Schema: public; Owner: postgres
--

COPY public.property_complaints (id, subject, description, priority, status, resolution, resolved_at, created_at, updated_at, booking_id, resolved_by_id, customer_id) FROM stdin;
\.


--
-- Data for Name: property_favorites; Type: TABLE DATA; Schema: public; Owner: postgres
--

COPY public.property_favorites (id, created_at, property_id, user_id) FROM stdin;
\.


--
-- Data for Name: property_images; Type: TABLE DATA; Schema: public; Owner: postgres
--

COPY public.property_images (id, image, caption, is_primary, "order", created_at, property_id) FROM stdin;
2	properties/images/picha.jpg	\N	f	4	2025-10-22 13:33:27.184912+03	2
3	properties/images/sass.jpg	\N	f	4	2025-10-22 13:36:44.802988+03	3
4	properties/images/replacement_2.jpg	Additional image 2 for testing	f	2	2025-10-22 14:18:47.617575+03	3
5	properties/images/replacement_3.jpg	Additional image 3 for testing	f	3	2025-10-22 14:18:47.621531+03	3
8	properties/images/replacement_5.jpg	Additional image 5 for testing	f	5	2025-10-22 14:20:25.70487+03	3
9	properties/images/replacement_6.jpg	Additional image 6 for testing	f	6	2025-10-22 14:20:25.708857+03	3
10	properties/images/replacement_7.jpg	Additional image 7 for testing	f	7	2025-10-22 14:20:25.711858+03	3
11	properties/images/replacement_8.jpg	Additional image 8 for testing	f	8	2025-10-22 14:21:13.220291+03	3
12	properties/images/replacement_9.jpg	Additional image 9 for testing	f	9	2025-10-22 14:21:13.235058+03	3
13	properties/images/replacement_10.jpg	Additional image 10 for testing	f	10	2025-10-22 14:21:13.238551+03	3
14	properties/images/replacement_11.jpg	Additional image 11 for testing	f	11	2025-10-22 14:27:34.032282+03	3
15	properties/images/replacement_12.jpg	Additional image 12 for testing	f	12	2025-10-22 14:27:34.034449+03	3
16	properties/images/replacement_13.jpg	Additional image 13 for testing	f	13	2025-10-22 14:27:34.036456+03	3
17	properties/images/house_2_image_5.jpg	House image 5 - Nyumba	f	5	2025-10-22 14:35:55.257358+03	2
18	properties/images/house_2_image_6.jpg	House image 6 - Nyumba	f	6	2025-10-22 14:35:55.262358+03	2
19	properties/images/house_2_image_7.jpg	House image 7 - Nyumba	f	7	2025-10-22 14:35:55.264357+03	2
20	properties/images/house_2_image_8.jpg	House image 8 - Nyumba	f	8	2025-10-22 14:35:55.266357+03	2
21	properties/images/house_2_image_9.jpg	House image 9 - Nyumba	f	9	2025-10-22 14:35:55.268358+03	2
22	properties/images/house_2_image_10.jpg	House image 10 - Nyumba	f	10	2025-10-22 14:35:55.270358+03	2
55	properties/images/dar.jpg		t	1	2025-11-20 08:53:36.189892+03	24
54	properties/images/12.png	\N	f	0	2025-11-19 10:27:10.906681+03	25
56	properties/images/1.jpg		t	1	2025-11-20 09:47:19.849178+03	25
57	properties/images/nyumba1.jpg		f	1	2025-11-27 08:03:18.820873+03	19
\.


--
-- Data for Name: property_payments; Type: TABLE DATA; Schema: public; Owner: postgres
--

COPY public.property_payments (id, amount, payment_method, payment_type, transaction_reference, payment_date, notes, created_at, updated_at, booking_id, recorded_by_id, status) FROM stdin;
7	1200000.00	bank_transfer	rent	\N	2025-09-30 17:15:52.703035+03	Monthly rent payment	2025-10-25 14:15:52.711034+03	2025-10-25 14:15:52.711034+03	3	8	completed
8	2400000.00	bank_transfer	deposit	\N	2025-09-25 17:15:52.703035+03	Security deposit	2025-10-25 14:15:52.720036+03	2025-10-25 14:15:52.720036+03	3	8	completed
9	300000.00	mobile_money	rent	\N	2025-10-15 17:15:52.703035+03	Partial rent payment	2025-10-25 14:15:52.723036+03	2025-10-25 14:15:52.723036+03	4	8	completed
10	1200000.00	cash	deposit	\N	2025-10-10 17:15:52.703035+03	Security deposit	2025-10-25 14:15:52.727036+03	2025-10-25 14:15:52.727036+03	4	8	completed
11	400000.00	mobile_money	rent	\N	2025-09-10 17:15:52.703035+03	Last month rent	2025-10-25 14:15:52.730035+03	2025-10-25 14:15:52.730035+03	5	8	completed
13	50000.00	cash	late_fee	\N	2025-10-25 17:18:38.31236+03	Late payment fee	2025-10-25 14:18:38.317366+03	2025-10-25 14:18:38.317366+03	5	8	overdue
14	1500000.00	bank_transfer	rent	\N	2025-10-05 17:18:38.30636+03	Monthly rent payment	2025-10-25 14:18:38.328673+03	2025-10-25 14:18:38.328673+03	6	8	completed
15	3000000.00	bank_transfer	deposit	\N	2025-09-10 17:18:38.30636+03	Security deposit	2025-10-25 14:18:38.33167+03	2025-10-25 14:18:38.33167+03	6	8	completed
16	1200000.00	bank_transfer	rent	\N	2025-10-25 17:18:38.33267+03	Monthly rent payment	2025-10-25 14:18:38.33467+03	2025-10-25 14:18:38.33467+03	7	8	pending
17	600000.00	mobile_money	rent	\N	2025-10-20 17:18:38.30636+03	Monthly rent payment	2025-10-25 14:18:38.33768+03	2025-10-25 14:18:38.33768+03	8	8	completed
18	1200000.00	cash	deposit	\N	2025-10-15 17:18:38.30636+03	Security deposit	2025-10-25 14:18:38.341756+03	2025-10-25 14:18:38.341756+03	8	8	completed
19	400000.00	mobile_money	rent	\N	2025-09-25 17:18:38.30636+03	Final rent payment	2025-10-25 14:18:38.344751+03	2025-10-25 14:18:38.344751+03	9	8	completed
20	800000.00	cash	deposit	\N	2025-10-05 17:18:38.30636+03	Security deposit refund	2025-10-25 14:18:38.348187+03	2025-10-25 14:18:38.348187+03	9	8	completed
21	500000.00	cash	partial	HSE-000009	2025-10-25 16:37:00+03	Malipo	2025-10-25 16:38:11.935205+03	2025-10-25 16:38:11.935205+03	10	1	active
23	2500.00	cash	full	VB002	2025-10-29 06:05:00+03		2025-10-29 06:05:39.914043+03	2025-10-29 06:05:39.914043+03	12	1	active
\.


--
-- Data for Name: property_rooms; Type: TABLE DATA; Schema: public; Owner: postgres
--

COPY public.property_rooms (id, room_number, room_type, floor_number, capacity, bed_type, amenities, base_rate, status, is_active, created_at, updated_at, current_booking_id, property_obj_id) FROM stdin;
16	101	Single Room	\N	2	Twin	Wifi, Tv, AC	35000.00	available	t	2025-11-19 10:44:42.40755+03	2025-11-19 10:44:42.40755+03	\N	25
\.


--
-- Data for Name: property_types; Type: TABLE DATA; Schema: public; Owner: postgres
--

COPY public.property_types (id, name, description, created_at, updated_at) FROM stdin;
13	house	Residential house properties	2025-10-25 14:07:00.364621+03	2025-10-25 14:07:00.364621+03
14	venue	Venue property type	2025-10-25 23:10:18.994426+03	2025-10-25 23:10:18.994426+03
11	test type	\N	2025-10-22 13:22:26.997123+03	2025-11-17 08:51:45.776977+03
12	hotel	wewe tu nzuri	2025-10-25 09:08:00.62274+03	2025-11-17 10:28:49.947511+03
9	lodge	Karibu sana	2025-10-22 03:38:34.309757+03	2025-11-18 09:35:54.60715+03
\.


--
-- Data for Name: property_views; Type: TABLE DATA; Schema: public; Owner: postgres
--

COPY public.property_views (id, ip_address, user_agent, viewed_at, property_id, user_id) FROM stdin;
1	127.0.0.1	Mozilla/5.0 (Windows NT 10.0; Win64; x64) AppleWebKit/537.36 (KHTML, like Gecko) Chrome/141.0.0.0 Safari/537.36	2025-10-22 09:52:01.820299+03	3	1
3	127.0.0.1	Mozilla/5.0 (Windows NT 10.0; Win64; x64) AppleWebKit/537.36 (KHTML, like Gecko) Chrome/141.0.0.0 Safari/537.36	2025-10-22 13:33:13.255198+03	2	1
8	127.0.0.1	Mozilla/5.0 (Windows NT 10.0; Win64; x64) AppleWebKit/537.36 (KHTML, like Gecko) Chrome/141.0.0.0 Safari/537.36	2025-10-25 14:19:55.778631+03	20	1
9	127.0.0.1	Mozilla/5.0 (Windows NT 10.0; Win64; x64) AppleWebKit/537.36 (KHTML, like Gecko) Chrome/141.0.0.0 Safari/537.36	2025-10-25 14:31:00.336418+03	17	1
10	127.0.0.1	Mozilla/5.0 (Windows NT 10.0; Win64; x64) AppleWebKit/537.36 (KHTML, like Gecko) Chrome/141.0.0.0 Safari/537.36	2025-10-25 14:31:12.84667+03	19	1
11	127.0.0.1	Mozilla/5.0 (Windows NT 10.0; Win64; x64) AppleWebKit/537.36 (KHTML, like Gecko) Chrome/141.0.0.0 Safari/537.36	2025-10-26 00:33:24.150182+03	23	1
12	127.0.0.1	Mozilla/5.0 (Windows NT 10.0; Win64; x64) AppleWebKit/537.36 (KHTML, like Gecko) Chrome/141.0.0.0 Safari/537.36	2025-11-09 12:52:45.727304+03	23	20
13	127.0.0.1	Mozilla/5.0 (Windows NT 10.0; Win64; x64) AppleWebKit/537.36 (KHTML, like Gecko) Chrome/142.0.0.0 Safari/537.36	2025-11-12 13:47:24.272583+03	15	1
14	127.0.0.1	Mozilla/5.0 (Windows NT 10.0; Win64; x64) AppleWebKit/537.36 (KHTML, like Gecko) Chrome/142.0.0.0 Safari/537.36	2025-11-12 14:01:14.109641+03	13	1
15	127.0.0.1	Mozilla/5.0 (Windows NT 10.0; Win64; x64) AppleWebKit/537.36 (KHTML, like Gecko) Chrome/142.0.0.0 Safari/537.36	2025-11-19 10:26:38.104989+03	24	1
16	127.0.0.1	Mozilla/5.0 (Windows NT 10.0; Win64; x64) AppleWebKit/537.36 (KHTML, like Gecko) Chrome/142.0.0.0 Safari/537.36	2025-11-20 09:18:21.08233+03	21	1
17	127.0.0.1	Mozilla/5.0 (Windows NT 10.0; Win64; x64) AppleWebKit/537.36 (KHTML, like Gecko) Chrome/142.0.0.0 Safari/537.36	2025-11-20 09:43:58.657536+03	22	1
18	127.0.0.1	Mozilla/5.0 (Windows NT 10.0; Win64; x64) AppleWebKit/537.36 (KHTML, like Gecko) Chrome/142.0.0.0 Safari/537.36	2025-11-20 09:45:25.421652+03	25	1
\.


--
-- Data for Name: property_visit_payments; Type: TABLE DATA; Schema: public; Owner: postgres
--

COPY public.property_visit_payments (id, amount, status, transaction_id, gateway_reference, created_at, updated_at, paid_at, payment_id, property_id, user_id) FROM stdin;
1	10000.00	pending	AZAM-31-1764219544	RENT-31-1764219544.948286	2025-11-27 07:59:04.931732+03	2025-11-27 07:59:04.954304+03	\N	31	19	1
2	5000.00	pending	AZAM-32-1764242526	RENT-32-1764242526.652262	2025-11-27 14:22:06.538289+03	2025-11-27 14:22:06.660856+03	\N	32	20	1
\.


--
-- Data for Name: regions; Type: TABLE DATA; Schema: public; Owner: postgres
--

COPY public.regions (id, name, description, created_at, updated_at) FROM stdin;
3	Mwanza	\N	2025-10-22 03:11:45.61496+03	2025-10-22 03:11:45.61496+03
4	Dodoma	\N	2025-10-22 03:11:45.61696+03	2025-10-22 03:11:45.61696+03
5	Tanga	\N	2025-10-22 03:11:45.618959+03	2025-10-22 03:11:45.618959+03
6	Morogoro	\N	2025-10-22 03:11:45.620962+03	2025-10-22 03:11:45.620962+03
7	Mbeya	\N	2025-10-22 03:11:45.62296+03	2025-10-22 03:11:45.62296+03
8	Kilimanjaro	\N	2025-10-22 03:11:45.62547+03	2025-10-22 03:11:45.62547+03
9	Test Region	\N	2025-10-22 13:22:26.991123+03	2025-10-22 13:22:26.991123+03
2	Arusha	mkoa	2025-10-22 03:11:45.611959+03	2025-10-26 12:08:58.056521+03
1	Dar es Salaam	Mkoa wa Dar es salaam	2025-10-22 03:11:45.606954+03	2025-11-17 10:29:37.627872+03
\.


--
-- Data for Name: rent_latefee; Type: TABLE DATA; Schema: public; Owner: postgres
--

COPY public.rent_latefee (id, fee_type, amount, grace_period_days, max_late_fee, is_active, created_at, lease_id) FROM stdin;
\.


--
-- Data for Name: rent_rentinvoice; Type: TABLE DATA; Schema: public; Owner: postgres
--

COPY public.rent_rentinvoice (id, invoice_number, invoice_date, due_date, period_start, period_end, base_rent, late_fee, other_charges, discount, total_amount, amount_paid, status, notes, created_at, updated_at, lease_id, tenant_id) FROM stdin;
\.


--
-- Data for Name: rent_rentpayment; Type: TABLE DATA; Schema: public; Owner: postgres
--

COPY public.rent_rentpayment (id, payment_date, amount, payment_method, reference_number, status, transaction_id, processor_response, notes, created_at, updated_at, invoice_id, lease_id, recorded_by_id, tenant_id) FROM stdin;
\.


--
-- Data for Name: rent_rentreminder; Type: TABLE DATA; Schema: public; Owner: postgres
--

COPY public.rent_rentreminder (id, reminder_type, days_before_due, sent_at, is_successful, error_message, invoice_id, tenant_id) FROM stdin;
\.


--
-- Data for Name: reports_financialsummary; Type: TABLE DATA; Schema: public; Owner: postgres
--

COPY public.reports_financialsummary (id, period_type, period_start, period_end, total_rent_collected, total_other_income, total_revenue, total_maintenance_costs, total_utility_costs, total_management_fees, total_other_expenses, total_expenses, net_income, profit_margin, total_units, occupied_units, occupancy_rate, maintenance_requests, completed_maintenance, created_at, updated_at) FROM stdin;
\.


--
-- Data for Name: reports_generatedreport; Type: TABLE DATA; Schema: public; Owner: postgres
--

COPY public.reports_generatedreport (id, title, status, format, start_date, end_date, parameters, file_path, file_size, total_records, generation_time, error_message, created_at, completed_at, generated_by_id, template_id) FROM stdin;
\.


--
-- Data for Name: reports_reporttemplate; Type: TABLE DATA; Schema: public; Owner: postgres
--

COPY public.reports_reporttemplate (id, name, description, report_type, template_config, is_active, created_at, updated_at, created_by_id) FROM stdin;
\.


--
-- Data for Name: token_blacklist_blacklistedtoken; Type: TABLE DATA; Schema: public; Owner: postgres
--

COPY public.token_blacklist_blacklistedtoken (id, blacklisted_at, token_id) FROM stdin;
\.


--
-- Data for Name: token_blacklist_outstandingtoken; Type: TABLE DATA; Schema: public; Owner: postgres
--

COPY public.token_blacklist_outstandingtoken (id, token, created_at, expires_at, user_id, jti) FROM stdin;
1	eyJhbGciOiJIUzI1NiIsInR5cCI6IkpXVCJ9.eyJ0b2tlbl90eXBlIjoicmVmcmVzaCIsImV4cCI6MTc2MzYzMDAxNSwiaWF0IjoxNzYzMDI1MjE1LCJqdGkiOiI4OWYyYTk1NmY0M2I0MWIyODgzZWE2NDdiOTkzOGQzNyIsInVzZXJfaWQiOjF9.1M6DaRYdHYCx50_0mkgElsq_-dTVr3lPBSRk11dHw_A	2025-11-13 12:13:35.94401+03	2025-11-20 12:13:35+03	1	89f2a956f43b41b2883ea647b9938d37
\.


--
-- Name: accounts_activitylog_id_seq; Type: SEQUENCE SET; Schema: public; Owner: postgres
--

SELECT pg_catalog.setval('public.accounts_activitylog_id_seq', 761, true);


--
-- Name: accounts_customrole_id_seq; Type: SEQUENCE SET; Schema: public; Owner: postgres
--

SELECT pg_catalog.setval('public.accounts_customrole_id_seq', 8, true);


--
-- Name: accounts_customrole_permissions_id_seq; Type: SEQUENCE SET; Schema: public; Owner: postgres
--

SELECT pg_catalog.setval('public.accounts_customrole_permissions_id_seq', 604, true);


--
-- Name: accounts_navigationitem_id_seq; Type: SEQUENCE SET; Schema: public; Owner: postgres
--

SELECT pg_catalog.setval('public.accounts_navigationitem_id_seq', 60, true);


--
-- Name: accounts_notification_id_seq; Type: SEQUENCE SET; Schema: public; Owner: postgres
--

SELECT pg_catalog.setval('public.accounts_notification_id_seq', 9, true);


--
-- Name: accounts_profile_id_seq; Type: SEQUENCE SET; Schema: public; Owner: postgres
--

SELECT pg_catalog.setval('public.accounts_profile_id_seq', 16, true);


--
-- Name: accounts_rolenavigationpermission_id_seq; Type: SEQUENCE SET; Schema: public; Owner: postgres
--

SELECT pg_catalog.setval('public.accounts_rolenavigationpermission_id_seq', 291, true);


--
-- Name: accounts_userrole_id_seq; Type: SEQUENCE SET; Schema: public; Owner: postgres
--

SELECT pg_catalog.setval('public.accounts_userrole_id_seq', 17, true);


--
-- Name: amenities_id_seq; Type: SEQUENCE SET; Schema: public; Owner: postgres
--

SELECT pg_catalog.setval('public.amenities_id_seq', 14, true);


--
-- Name: auth_group_id_seq; Type: SEQUENCE SET; Schema: public; Owner: postgres
--

SELECT pg_catalog.setval('public.auth_group_id_seq', 9, true);


--
-- Name: auth_group_permissions_id_seq; Type: SEQUENCE SET; Schema: public; Owner: postgres
--

SELECT pg_catalog.setval('public.auth_group_permissions_id_seq', 637, true);


--
-- Name: auth_permission_id_seq; Type: SEQUENCE SET; Schema: public; Owner: postgres
--

SELECT pg_catalog.setval('public.auth_permission_id_seq', 220, true);


--
-- Name: auth_user_groups_id_seq; Type: SEQUENCE SET; Schema: public; Owner: postgres
--

SELECT pg_catalog.setval('public.auth_user_groups_id_seq', 4, true);


--
-- Name: auth_user_id_seq; Type: SEQUENCE SET; Schema: public; Owner: postgres
--

SELECT pg_catalog.setval('public.auth_user_id_seq', 22, true);


--
-- Name: auth_user_user_permissions_id_seq; Type: SEQUENCE SET; Schema: public; Owner: postgres
--

SELECT pg_catalog.setval('public.auth_user_user_permissions_id_seq', 1, false);


--
-- Name: bookings_id_seq; Type: SEQUENCE SET; Schema: public; Owner: postgres
--

SELECT pg_catalog.setval('public.bookings_id_seq', 15, true);


--
-- Name: complaints_complaint_id_seq; Type: SEQUENCE SET; Schema: public; Owner: postgres
--

SELECT pg_catalog.setval('public.complaints_complaint_id_seq', 10, true);


--
-- Name: complaints_complaintresponse_id_seq; Type: SEQUENCE SET; Schema: public; Owner: postgres
--

SELECT pg_catalog.setval('public.complaints_complaintresponse_id_seq', 5, true);


--
-- Name: complaints_feedback_id_seq; Type: SEQUENCE SET; Schema: public; Owner: postgres
--

SELECT pg_catalog.setval('public.complaints_feedback_id_seq', 5, true);


--
-- Name: customers_id_seq; Type: SEQUENCE SET; Schema: public; Owner: postgres
--

SELECT pg_catalog.setval('public.customers_id_seq', 12, true);


--
-- Name: districts_id_seq; Type: SEQUENCE SET; Schema: public; Owner: postgres
--

SELECT pg_catalog.setval('public.districts_id_seq', 1, true);


--
-- Name: django_admin_log_id_seq; Type: SEQUENCE SET; Schema: public; Owner: postgres
--

SELECT pg_catalog.setval('public.django_admin_log_id_seq', 1, false);


--
-- Name: django_content_type_id_seq; Type: SEQUENCE SET; Schema: public; Owner: postgres
--

SELECT pg_catalog.setval('public.django_content_type_id_seq', 55, true);


--
-- Name: django_migrations_id_seq; Type: SEQUENCE SET; Schema: public; Owner: postgres
--

SELECT pg_catalog.setval('public.django_migrations_id_seq', 69, true);


--
-- Name: documents_booking_id_seq; Type: SEQUENCE SET; Schema: public; Owner: postgres
--

SELECT pg_catalog.setval('public.documents_booking_id_seq', 1, false);


--
-- Name: documents_document_id_seq; Type: SEQUENCE SET; Schema: public; Owner: postgres
--

SELECT pg_catalog.setval('public.documents_document_id_seq', 1, false);


--
-- Name: documents_lease_id_seq; Type: SEQUENCE SET; Schema: public; Owner: postgres
--

SELECT pg_catalog.setval('public.documents_lease_id_seq', 3, true);


--
-- Name: expenses_id_seq; Type: SEQUENCE SET; Schema: public; Owner: postgres
--

SELECT pg_catalog.setval('public.expenses_id_seq', 1, false);


--
-- Name: invoices_id_seq; Type: SEQUENCE SET; Schema: public; Owner: postgres
--

SELECT pg_catalog.setval('public.invoices_id_seq', 10, true);


--
-- Name: maintenance_maintenancerequest_id_seq; Type: SEQUENCE SET; Schema: public; Owner: postgres
--

SELECT pg_catalog.setval('public.maintenance_maintenancerequest_id_seq', 11, true);


--
-- Name: payment_audit_id_seq; Type: SEQUENCE SET; Schema: public; Owner: postgres
--

SELECT pg_catalog.setval('public.payment_audit_id_seq', 1, false);


--
-- Name: payment_providers_id_seq; Type: SEQUENCE SET; Schema: public; Owner: postgres
--

SELECT pg_catalog.setval('public.payment_providers_id_seq', 6, true);


--
-- Name: payment_transactions_id_seq; Type: SEQUENCE SET; Schema: public; Owner: postgres
--

SELECT pg_catalog.setval('public.payment_transactions_id_seq', 2, true);


--
-- Name: payments_id_seq; Type: SEQUENCE SET; Schema: public; Owner: postgres
--

SELECT pg_catalog.setval('public.payments_id_seq', 32, true);


--
-- Name: properties_houserentreminder_id_seq; Type: SEQUENCE SET; Schema: public; Owner: postgres
--

SELECT pg_catalog.setval('public.properties_houserentreminder_id_seq', 1, false);


--
-- Name: properties_houserentreminderlog_id_seq; Type: SEQUENCE SET; Schema: public; Owner: postgres
--

SELECT pg_catalog.setval('public.properties_houserentreminderlog_id_seq', 1, false);


--
-- Name: properties_houserentreminderschedule_id_seq; Type: SEQUENCE SET; Schema: public; Owner: postgres
--

SELECT pg_catalog.setval('public.properties_houserentreminderschedule_id_seq', 1, false);


--
-- Name: properties_houserentremindersettings_id_seq; Type: SEQUENCE SET; Schema: public; Owner: postgres
--

SELECT pg_catalog.setval('public.properties_houserentremindersettings_id_seq', 2, true);


--
-- Name: properties_houserentremindertemplate_id_seq; Type: SEQUENCE SET; Schema: public; Owner: postgres
--

SELECT pg_catalog.setval('public.properties_houserentremindertemplate_id_seq', 4, true);


--
-- Name: properties_id_seq; Type: SEQUENCE SET; Schema: public; Owner: postgres
--

SELECT pg_catalog.setval('public.properties_id_seq', 25, true);


--
-- Name: property_amenities_id_seq; Type: SEQUENCE SET; Schema: public; Owner: postgres
--

SELECT pg_catalog.setval('public.property_amenities_id_seq', 33, true);


--
-- Name: property_complaints_id_seq; Type: SEQUENCE SET; Schema: public; Owner: postgres
--

SELECT pg_catalog.setval('public.property_complaints_id_seq', 1, false);


--
-- Name: property_favorites_id_seq; Type: SEQUENCE SET; Schema: public; Owner: postgres
--

SELECT pg_catalog.setval('public.property_favorites_id_seq', 4, true);


--
-- Name: property_images_id_seq; Type: SEQUENCE SET; Schema: public; Owner: postgres
--

SELECT pg_catalog.setval('public.property_images_id_seq', 57, true);


--
-- Name: property_payments_id_seq; Type: SEQUENCE SET; Schema: public; Owner: postgres
--

SELECT pg_catalog.setval('public.property_payments_id_seq', 23, true);


--
-- Name: property_rooms_id_seq; Type: SEQUENCE SET; Schema: public; Owner: postgres
--

SELECT pg_catalog.setval('public.property_rooms_id_seq', 16, true);


--
-- Name: property_types_id_seq; Type: SEQUENCE SET; Schema: public; Owner: postgres
--

SELECT pg_catalog.setval('public.property_types_id_seq', 17, true);


--
-- Name: property_views_id_seq; Type: SEQUENCE SET; Schema: public; Owner: postgres
--

SELECT pg_catalog.setval('public.property_views_id_seq', 18, true);


--
-- Name: property_visit_payments_id_seq; Type: SEQUENCE SET; Schema: public; Owner: postgres
--

SELECT pg_catalog.setval('public.property_visit_payments_id_seq', 2, true);


--
-- Name: regions_id_seq; Type: SEQUENCE SET; Schema: public; Owner: postgres
--

SELECT pg_catalog.setval('public.regions_id_seq', 9, true);


--
-- Name: rent_latefee_id_seq; Type: SEQUENCE SET; Schema: public; Owner: postgres
--

SELECT pg_catalog.setval('public.rent_latefee_id_seq', 1, false);


--
-- Name: rent_rentinvoice_id_seq; Type: SEQUENCE SET; Schema: public; Owner: postgres
--

SELECT pg_catalog.setval('public.rent_rentinvoice_id_seq', 3, true);


--
-- Name: rent_rentpayment_id_seq; Type: SEQUENCE SET; Schema: public; Owner: postgres
--

SELECT pg_catalog.setval('public.rent_rentpayment_id_seq', 2, true);


--
-- Name: rent_rentreminder_id_seq; Type: SEQUENCE SET; Schema: public; Owner: postgres
--

SELECT pg_catalog.setval('public.rent_rentreminder_id_seq', 1, false);


--
-- Name: reports_financialsummary_id_seq; Type: SEQUENCE SET; Schema: public; Owner: postgres
--

SELECT pg_catalog.setval('public.reports_financialsummary_id_seq', 1, false);


--
-- Name: reports_generatedreport_id_seq; Type: SEQUENCE SET; Schema: public; Owner: postgres
--

SELECT pg_catalog.setval('public.reports_generatedreport_id_seq', 1, false);


--
-- Name: reports_reporttemplate_id_seq; Type: SEQUENCE SET; Schema: public; Owner: postgres
--

SELECT pg_catalog.setval('public.reports_reporttemplate_id_seq', 1, false);


--
-- Name: token_blacklist_blacklistedtoken_id_seq; Type: SEQUENCE SET; Schema: public; Owner: postgres
--

SELECT pg_catalog.setval('public.token_blacklist_blacklistedtoken_id_seq', 1, false);


--
-- Name: token_blacklist_outstandingtoken_id_seq; Type: SEQUENCE SET; Schema: public; Owner: postgres
--

SELECT pg_catalog.setval('public.token_blacklist_outstandingtoken_id_seq', 1, true);


--
-- Name: accounts_activitylog accounts_activitylog_pkey; Type: CONSTRAINT; Schema: public; Owner: postgres
--

ALTER TABLE ONLY public.accounts_activitylog
    ADD CONSTRAINT accounts_activitylog_pkey PRIMARY KEY (id);


--
-- Name: accounts_customrole accounts_customrole_name_key; Type: CONSTRAINT; Schema: public; Owner: postgres
--

ALTER TABLE ONLY public.accounts_customrole
    ADD CONSTRAINT accounts_customrole_name_key UNIQUE (name);


--
-- Name: accounts_customrole_permissions accounts_customrole_perm_customrole_id_permission_f4c13468_uniq; Type: CONSTRAINT; Schema: public; Owner: postgres
--

ALTER TABLE ONLY public.accounts_customrole_permissions
    ADD CONSTRAINT accounts_customrole_perm_customrole_id_permission_f4c13468_uniq UNIQUE (customrole_id, permission_id);


--
-- Name: accounts_customrole_permissions accounts_customrole_permissions_pkey; Type: CONSTRAINT; Schema: public; Owner: postgres
--

ALTER TABLE ONLY public.accounts_customrole_permissions
    ADD CONSTRAINT accounts_customrole_permissions_pkey PRIMARY KEY (id);


--
-- Name: accounts_customrole accounts_customrole_pkey; Type: CONSTRAINT; Schema: public; Owner: postgres
--

ALTER TABLE ONLY public.accounts_customrole
    ADD CONSTRAINT accounts_customrole_pkey PRIMARY KEY (id);


--
-- Name: accounts_navigationitem accounts_navigationitem_name_key; Type: CONSTRAINT; Schema: public; Owner: postgres
--

ALTER TABLE ONLY public.accounts_navigationitem
    ADD CONSTRAINT accounts_navigationitem_name_key UNIQUE (name);


--
-- Name: accounts_navigationitem accounts_navigationitem_pkey; Type: CONSTRAINT; Schema: public; Owner: postgres
--

ALTER TABLE ONLY public.accounts_navigationitem
    ADD CONSTRAINT accounts_navigationitem_pkey PRIMARY KEY (id);


--
-- Name: accounts_notification accounts_notification_pkey; Type: CONSTRAINT; Schema: public; Owner: postgres
--

ALTER TABLE ONLY public.accounts_notification
    ADD CONSTRAINT accounts_notification_pkey PRIMARY KEY (id);


--
-- Name: accounts_profile accounts_profile_phone_cd8449a3_uniq; Type: CONSTRAINT; Schema: public; Owner: postgres
--

ALTER TABLE ONLY public.accounts_profile
    ADD CONSTRAINT accounts_profile_phone_cd8449a3_uniq UNIQUE (phone);


--
-- Name: accounts_profile accounts_profile_pkey; Type: CONSTRAINT; Schema: public; Owner: postgres
--

ALTER TABLE ONLY public.accounts_profile
    ADD CONSTRAINT accounts_profile_pkey PRIMARY KEY (id);


--
-- Name: accounts_profile accounts_profile_user_id_key; Type: CONSTRAINT; Schema: public; Owner: postgres
--

ALTER TABLE ONLY public.accounts_profile
    ADD CONSTRAINT accounts_profile_user_id_key UNIQUE (user_id);


--
-- Name: accounts_rolenavigationpermission accounts_rolenavigationp_role_id_navigation_item__9fdf1bb2_uniq; Type: CONSTRAINT; Schema: public; Owner: postgres
--

ALTER TABLE ONLY public.accounts_rolenavigationpermission
    ADD CONSTRAINT accounts_rolenavigationp_role_id_navigation_item__9fdf1bb2_uniq UNIQUE (role_id, navigation_item_id);


--
-- Name: accounts_rolenavigationpermission accounts_rolenavigationpermission_pkey; Type: CONSTRAINT; Schema: public; Owner: postgres
--

ALTER TABLE ONLY public.accounts_rolenavigationpermission
    ADD CONSTRAINT accounts_rolenavigationpermission_pkey PRIMARY KEY (id);


--
-- Name: accounts_userrole accounts_userrole_pkey; Type: CONSTRAINT; Schema: public; Owner: postgres
--

ALTER TABLE ONLY public.accounts_userrole
    ADD CONSTRAINT accounts_userrole_pkey PRIMARY KEY (id);


--
-- Name: accounts_userrole accounts_userrole_user_id_role_id_9790efc1_uniq; Type: CONSTRAINT; Schema: public; Owner: postgres
--

ALTER TABLE ONLY public.accounts_userrole
    ADD CONSTRAINT accounts_userrole_user_id_role_id_9790efc1_uniq UNIQUE (user_id, role_id);


--
-- Name: amenities amenities_name_key; Type: CONSTRAINT; Schema: public; Owner: postgres
--

ALTER TABLE ONLY public.amenities
    ADD CONSTRAINT amenities_name_key UNIQUE (name);


--
-- Name: amenities amenities_pkey; Type: CONSTRAINT; Schema: public; Owner: postgres
--

ALTER TABLE ONLY public.amenities
    ADD CONSTRAINT amenities_pkey PRIMARY KEY (id);


--
-- Name: auth_group auth_group_name_key; Type: CONSTRAINT; Schema: public; Owner: postgres
--

ALTER TABLE ONLY public.auth_group
    ADD CONSTRAINT auth_group_name_key UNIQUE (name);


--
-- Name: auth_group_permissions auth_group_permissions_group_id_permission_id_0cd325b0_uniq; Type: CONSTRAINT; Schema: public; Owner: postgres
--

ALTER TABLE ONLY public.auth_group_permissions
    ADD CONSTRAINT auth_group_permissions_group_id_permission_id_0cd325b0_uniq UNIQUE (group_id, permission_id);


--
-- Name: auth_group_permissions auth_group_permissions_pkey; Type: CONSTRAINT; Schema: public; Owner: postgres
--

ALTER TABLE ONLY public.auth_group_permissions
    ADD CONSTRAINT auth_group_permissions_pkey PRIMARY KEY (id);


--
-- Name: auth_group auth_group_pkey; Type: CONSTRAINT; Schema: public; Owner: postgres
--

ALTER TABLE ONLY public.auth_group
    ADD CONSTRAINT auth_group_pkey PRIMARY KEY (id);


--
-- Name: auth_permission auth_permission_content_type_id_codename_01ab375a_uniq; Type: CONSTRAINT; Schema: public; Owner: postgres
--

ALTER TABLE ONLY public.auth_permission
    ADD CONSTRAINT auth_permission_content_type_id_codename_01ab375a_uniq UNIQUE (content_type_id, codename);


--
-- Name: auth_permission auth_permission_pkey; Type: CONSTRAINT; Schema: public; Owner: postgres
--

ALTER TABLE ONLY public.auth_permission
    ADD CONSTRAINT auth_permission_pkey PRIMARY KEY (id);


--
-- Name: auth_user_groups auth_user_groups_pkey; Type: CONSTRAINT; Schema: public; Owner: postgres
--

ALTER TABLE ONLY public.auth_user_groups
    ADD CONSTRAINT auth_user_groups_pkey PRIMARY KEY (id);


--
-- Name: auth_user_groups auth_user_groups_user_id_group_id_94350c0c_uniq; Type: CONSTRAINT; Schema: public; Owner: postgres
--

ALTER TABLE ONLY public.auth_user_groups
    ADD CONSTRAINT auth_user_groups_user_id_group_id_94350c0c_uniq UNIQUE (user_id, group_id);


--
-- Name: auth_user auth_user_pkey; Type: CONSTRAINT; Schema: public; Owner: postgres
--

ALTER TABLE ONLY public.auth_user
    ADD CONSTRAINT auth_user_pkey PRIMARY KEY (id);


--
-- Name: auth_user_user_permissions auth_user_user_permissions_pkey; Type: CONSTRAINT; Schema: public; Owner: postgres
--

ALTER TABLE ONLY public.auth_user_user_permissions
    ADD CONSTRAINT auth_user_user_permissions_pkey PRIMARY KEY (id);


--
-- Name: auth_user_user_permissions auth_user_user_permissions_user_id_permission_id_14a6b632_uniq; Type: CONSTRAINT; Schema: public; Owner: postgres
--

ALTER TABLE ONLY public.auth_user_user_permissions
    ADD CONSTRAINT auth_user_user_permissions_user_id_permission_id_14a6b632_uniq UNIQUE (user_id, permission_id);


--
-- Name: auth_user auth_user_username_key; Type: CONSTRAINT; Schema: public; Owner: postgres
--

ALTER TABLE ONLY public.auth_user
    ADD CONSTRAINT auth_user_username_key UNIQUE (username);


--
-- Name: bookings bookings_booking_reference_key; Type: CONSTRAINT; Schema: public; Owner: postgres
--

ALTER TABLE ONLY public.bookings
    ADD CONSTRAINT bookings_booking_reference_key UNIQUE (booking_reference);


--
-- Name: bookings bookings_pkey; Type: CONSTRAINT; Schema: public; Owner: postgres
--

ALTER TABLE ONLY public.bookings
    ADD CONSTRAINT bookings_pkey PRIMARY KEY (id);


--
-- Name: complaints_complaint complaints_complaint_pkey; Type: CONSTRAINT; Schema: public; Owner: postgres
--

ALTER TABLE ONLY public.complaints_complaint
    ADD CONSTRAINT complaints_complaint_pkey PRIMARY KEY (id);


--
-- Name: complaints_complaintresponse complaints_complaintresponse_pkey; Type: CONSTRAINT; Schema: public; Owner: postgres
--

ALTER TABLE ONLY public.complaints_complaintresponse
    ADD CONSTRAINT complaints_complaintresponse_pkey PRIMARY KEY (id);


--
-- Name: complaints_feedback complaints_feedback_pkey; Type: CONSTRAINT; Schema: public; Owner: postgres
--

ALTER TABLE ONLY public.complaints_feedback
    ADD CONSTRAINT complaints_feedback_pkey PRIMARY KEY (id);


--
-- Name: customers customers_email_key; Type: CONSTRAINT; Schema: public; Owner: postgres
--

ALTER TABLE ONLY public.customers
    ADD CONSTRAINT customers_email_key UNIQUE (email);


--
-- Name: customers customers_pkey; Type: CONSTRAINT; Schema: public; Owner: postgres
--

ALTER TABLE ONLY public.customers
    ADD CONSTRAINT customers_pkey PRIMARY KEY (id);


--
-- Name: districts districts_name_region_id_a54cfa52_uniq; Type: CONSTRAINT; Schema: public; Owner: postgres
--

ALTER TABLE ONLY public.districts
    ADD CONSTRAINT districts_name_region_id_a54cfa52_uniq UNIQUE (name, region_id);


--
-- Name: districts districts_pkey; Type: CONSTRAINT; Schema: public; Owner: postgres
--

ALTER TABLE ONLY public.districts
    ADD CONSTRAINT districts_pkey PRIMARY KEY (id);


--
-- Name: django_admin_log django_admin_log_pkey; Type: CONSTRAINT; Schema: public; Owner: postgres
--

ALTER TABLE ONLY public.django_admin_log
    ADD CONSTRAINT django_admin_log_pkey PRIMARY KEY (id);


--
-- Name: django_content_type django_content_type_app_label_model_76bd3d3b_uniq; Type: CONSTRAINT; Schema: public; Owner: postgres
--

ALTER TABLE ONLY public.django_content_type
    ADD CONSTRAINT django_content_type_app_label_model_76bd3d3b_uniq UNIQUE (app_label, model);


--
-- Name: django_content_type django_content_type_pkey; Type: CONSTRAINT; Schema: public; Owner: postgres
--

ALTER TABLE ONLY public.django_content_type
    ADD CONSTRAINT django_content_type_pkey PRIMARY KEY (id);


--
-- Name: django_migrations django_migrations_pkey; Type: CONSTRAINT; Schema: public; Owner: postgres
--

ALTER TABLE ONLY public.django_migrations
    ADD CONSTRAINT django_migrations_pkey PRIMARY KEY (id);


--
-- Name: django_session django_session_pkey; Type: CONSTRAINT; Schema: public; Owner: postgres
--

ALTER TABLE ONLY public.django_session
    ADD CONSTRAINT django_session_pkey PRIMARY KEY (session_key);


--
-- Name: documents_booking documents_booking_pkey; Type: CONSTRAINT; Schema: public; Owner: postgres
--

ALTER TABLE ONLY public.documents_booking
    ADD CONSTRAINT documents_booking_pkey PRIMARY KEY (id);


--
-- Name: documents_document documents_document_pkey; Type: CONSTRAINT; Schema: public; Owner: postgres
--

ALTER TABLE ONLY public.documents_document
    ADD CONSTRAINT documents_document_pkey PRIMARY KEY (id);


--
-- Name: documents_lease documents_lease_pkey; Type: CONSTRAINT; Schema: public; Owner: postgres
--

ALTER TABLE ONLY public.documents_lease
    ADD CONSTRAINT documents_lease_pkey PRIMARY KEY (id);


--
-- Name: expenses expenses_pkey; Type: CONSTRAINT; Schema: public; Owner: postgres
--

ALTER TABLE ONLY public.expenses
    ADD CONSTRAINT expenses_pkey PRIMARY KEY (id);


--
-- Name: invoices invoices_pkey; Type: CONSTRAINT; Schema: public; Owner: postgres
--

ALTER TABLE ONLY public.invoices
    ADD CONSTRAINT invoices_pkey PRIMARY KEY (id);


--
-- Name: maintenance_maintenancerequest maintenance_maintenancerequest_pkey; Type: CONSTRAINT; Schema: public; Owner: postgres
--

ALTER TABLE ONLY public.maintenance_maintenancerequest
    ADD CONSTRAINT maintenance_maintenancerequest_pkey PRIMARY KEY (id);


--
-- Name: payment_audit payment_audit_pkey; Type: CONSTRAINT; Schema: public; Owner: postgres
--

ALTER TABLE ONLY public.payment_audit
    ADD CONSTRAINT payment_audit_pkey PRIMARY KEY (id);


--
-- Name: payment_providers payment_providers_pkey; Type: CONSTRAINT; Schema: public; Owner: postgres
--

ALTER TABLE ONLY public.payment_providers
    ADD CONSTRAINT payment_providers_pkey PRIMARY KEY (id);


--
-- Name: payment_transactions payment_transactions_pkey; Type: CONSTRAINT; Schema: public; Owner: postgres
--

ALTER TABLE ONLY public.payment_transactions
    ADD CONSTRAINT payment_transactions_pkey PRIMARY KEY (id);


--
-- Name: payments payments_pkey; Type: CONSTRAINT; Schema: public; Owner: postgres
--

ALTER TABLE ONLY public.payments
    ADD CONSTRAINT payments_pkey PRIMARY KEY (id);


--
-- Name: properties_houserentremindersettings properties_houserentremi_property_obj_id_28c50ee9_uniq; Type: CONSTRAINT; Schema: public; Owner: postgres
--

ALTER TABLE ONLY public.properties_houserentremindersettings
    ADD CONSTRAINT properties_houserentremi_property_obj_id_28c50ee9_uniq UNIQUE (property_obj_id);


--
-- Name: properties_houserentremindertemplate properties_houserentremi_template_type_category_i_43349768_uniq; Type: CONSTRAINT; Schema: public; Owner: postgres
--

ALTER TABLE ONLY public.properties_houserentremindertemplate
    ADD CONSTRAINT properties_houserentremi_template_type_category_i_43349768_uniq UNIQUE (template_type, category, is_default);


--
-- Name: properties_houserentreminder properties_houserentreminder_pkey; Type: CONSTRAINT; Schema: public; Owner: postgres
--

ALTER TABLE ONLY public.properties_houserentreminder
    ADD CONSTRAINT properties_houserentreminder_pkey PRIMARY KEY (id);


--
-- Name: properties_houserentreminderlog properties_houserentreminderlog_pkey; Type: CONSTRAINT; Schema: public; Owner: postgres
--

ALTER TABLE ONLY public.properties_houserentreminderlog
    ADD CONSTRAINT properties_houserentreminderlog_pkey PRIMARY KEY (id);


--
-- Name: properties_houserentreminderschedule properties_houserentreminderschedule_pkey; Type: CONSTRAINT; Schema: public; Owner: postgres
--

ALTER TABLE ONLY public.properties_houserentreminderschedule
    ADD CONSTRAINT properties_houserentreminderschedule_pkey PRIMARY KEY (id);


--
-- Name: properties_houserentremindersettings properties_houserentremindersettings_pkey; Type: CONSTRAINT; Schema: public; Owner: postgres
--

ALTER TABLE ONLY public.properties_houserentremindersettings
    ADD CONSTRAINT properties_houserentremindersettings_pkey PRIMARY KEY (id);


--
-- Name: properties_houserentremindertemplate properties_houserentremindertemplate_pkey; Type: CONSTRAINT; Schema: public; Owner: postgres
--

ALTER TABLE ONLY public.properties_houserentremindertemplate
    ADD CONSTRAINT properties_houserentremindertemplate_pkey PRIMARY KEY (id);


--
-- Name: properties properties_pkey; Type: CONSTRAINT; Schema: public; Owner: postgres
--

ALTER TABLE ONLY public.properties
    ADD CONSTRAINT properties_pkey PRIMARY KEY (id);


--
-- Name: property_amenities property_amenities_pkey; Type: CONSTRAINT; Schema: public; Owner: postgres
--

ALTER TABLE ONLY public.property_amenities
    ADD CONSTRAINT property_amenities_pkey PRIMARY KEY (id);


--
-- Name: property_amenities property_amenities_property_id_amenity_id_cc7e3834_uniq; Type: CONSTRAINT; Schema: public; Owner: postgres
--

ALTER TABLE ONLY public.property_amenities
    ADD CONSTRAINT property_amenities_property_id_amenity_id_cc7e3834_uniq UNIQUE (property_id, amenity_id);


--
-- Name: property_complaints property_complaints_pkey; Type: CONSTRAINT; Schema: public; Owner: postgres
--

ALTER TABLE ONLY public.property_complaints
    ADD CONSTRAINT property_complaints_pkey PRIMARY KEY (id);


--
-- Name: property_favorites property_favorites_pkey; Type: CONSTRAINT; Schema: public; Owner: postgres
--

ALTER TABLE ONLY public.property_favorites
    ADD CONSTRAINT property_favorites_pkey PRIMARY KEY (id);


--
-- Name: property_favorites property_favorites_user_id_property_id_2a3187ed_uniq; Type: CONSTRAINT; Schema: public; Owner: postgres
--

ALTER TABLE ONLY public.property_favorites
    ADD CONSTRAINT property_favorites_user_id_property_id_2a3187ed_uniq UNIQUE (user_id, property_id);


--
-- Name: property_images property_images_pkey; Type: CONSTRAINT; Schema: public; Owner: postgres
--

ALTER TABLE ONLY public.property_images
    ADD CONSTRAINT property_images_pkey PRIMARY KEY (id);


--
-- Name: property_images property_images_property_id_order_e923dd79_uniq; Type: CONSTRAINT; Schema: public; Owner: postgres
--

ALTER TABLE ONLY public.property_images
    ADD CONSTRAINT property_images_property_id_order_e923dd79_uniq UNIQUE (property_id, "order");


--
-- Name: property_payments property_payments_pkey; Type: CONSTRAINT; Schema: public; Owner: postgres
--

ALTER TABLE ONLY public.property_payments
    ADD CONSTRAINT property_payments_pkey PRIMARY KEY (id);


--
-- Name: property_rooms property_rooms_pkey; Type: CONSTRAINT; Schema: public; Owner: postgres
--

ALTER TABLE ONLY public.property_rooms
    ADD CONSTRAINT property_rooms_pkey PRIMARY KEY (id);


--
-- Name: property_rooms property_rooms_property_obj_id_room_number_cdf9070a_uniq; Type: CONSTRAINT; Schema: public; Owner: postgres
--

ALTER TABLE ONLY public.property_rooms
    ADD CONSTRAINT property_rooms_property_obj_id_room_number_cdf9070a_uniq UNIQUE (property_obj_id, room_number);


--
-- Name: property_types property_types_name_key; Type: CONSTRAINT; Schema: public; Owner: postgres
--

ALTER TABLE ONLY public.property_types
    ADD CONSTRAINT property_types_name_key UNIQUE (name);


--
-- Name: property_types property_types_pkey; Type: CONSTRAINT; Schema: public; Owner: postgres
--

ALTER TABLE ONLY public.property_types
    ADD CONSTRAINT property_types_pkey PRIMARY KEY (id);


--
-- Name: property_views property_views_pkey; Type: CONSTRAINT; Schema: public; Owner: postgres
--

ALTER TABLE ONLY public.property_views
    ADD CONSTRAINT property_views_pkey PRIMARY KEY (id);


--
-- Name: property_visit_payments property_visit_payments_pkey; Type: CONSTRAINT; Schema: public; Owner: postgres
--

ALTER TABLE ONLY public.property_visit_payments
    ADD CONSTRAINT property_visit_payments_pkey PRIMARY KEY (id);


--
-- Name: property_visit_payments property_visit_payments_property_id_user_id_5b9cd789_uniq; Type: CONSTRAINT; Schema: public; Owner: postgres
--

ALTER TABLE ONLY public.property_visit_payments
    ADD CONSTRAINT property_visit_payments_property_id_user_id_5b9cd789_uniq UNIQUE (property_id, user_id);


--
-- Name: regions regions_name_key; Type: CONSTRAINT; Schema: public; Owner: postgres
--

ALTER TABLE ONLY public.regions
    ADD CONSTRAINT regions_name_key UNIQUE (name);


--
-- Name: regions regions_pkey; Type: CONSTRAINT; Schema: public; Owner: postgres
--

ALTER TABLE ONLY public.regions
    ADD CONSTRAINT regions_pkey PRIMARY KEY (id);


--
-- Name: rent_latefee rent_latefee_pkey; Type: CONSTRAINT; Schema: public; Owner: postgres
--

ALTER TABLE ONLY public.rent_latefee
    ADD CONSTRAINT rent_latefee_pkey PRIMARY KEY (id);


--
-- Name: rent_rentinvoice rent_rentinvoice_invoice_number_key; Type: CONSTRAINT; Schema: public; Owner: postgres
--

ALTER TABLE ONLY public.rent_rentinvoice
    ADD CONSTRAINT rent_rentinvoice_invoice_number_key UNIQUE (invoice_number);


--
-- Name: rent_rentinvoice rent_rentinvoice_lease_id_period_start_period_end_b3d50dc2_uniq; Type: CONSTRAINT; Schema: public; Owner: postgres
--

ALTER TABLE ONLY public.rent_rentinvoice
    ADD CONSTRAINT rent_rentinvoice_lease_id_period_start_period_end_b3d50dc2_uniq UNIQUE (lease_id, period_start, period_end);


--
-- Name: rent_rentinvoice rent_rentinvoice_pkey; Type: CONSTRAINT; Schema: public; Owner: postgres
--

ALTER TABLE ONLY public.rent_rentinvoice
    ADD CONSTRAINT rent_rentinvoice_pkey PRIMARY KEY (id);


--
-- Name: rent_rentpayment rent_rentpayment_pkey; Type: CONSTRAINT; Schema: public; Owner: postgres
--

ALTER TABLE ONLY public.rent_rentpayment
    ADD CONSTRAINT rent_rentpayment_pkey PRIMARY KEY (id);


--
-- Name: rent_rentreminder rent_rentreminder_pkey; Type: CONSTRAINT; Schema: public; Owner: postgres
--

ALTER TABLE ONLY public.rent_rentreminder
    ADD CONSTRAINT rent_rentreminder_pkey PRIMARY KEY (id);


--
-- Name: reports_financialsummary reports_financialsummary_period_type_period_start_f7e7f494_uniq; Type: CONSTRAINT; Schema: public; Owner: postgres
--

ALTER TABLE ONLY public.reports_financialsummary
    ADD CONSTRAINT reports_financialsummary_period_type_period_start_f7e7f494_uniq UNIQUE (period_type, period_start);


--
-- Name: reports_financialsummary reports_financialsummary_pkey; Type: CONSTRAINT; Schema: public; Owner: postgres
--

ALTER TABLE ONLY public.reports_financialsummary
    ADD CONSTRAINT reports_financialsummary_pkey PRIMARY KEY (id);


--
-- Name: reports_generatedreport reports_generatedreport_pkey; Type: CONSTRAINT; Schema: public; Owner: postgres
--

ALTER TABLE ONLY public.reports_generatedreport
    ADD CONSTRAINT reports_generatedreport_pkey PRIMARY KEY (id);


--
-- Name: reports_reporttemplate reports_reporttemplate_pkey; Type: CONSTRAINT; Schema: public; Owner: postgres
--

ALTER TABLE ONLY public.reports_reporttemplate
    ADD CONSTRAINT reports_reporttemplate_pkey PRIMARY KEY (id);


--
-- Name: token_blacklist_blacklistedtoken token_blacklist_blacklistedtoken_pkey; Type: CONSTRAINT; Schema: public; Owner: postgres
--

ALTER TABLE ONLY public.token_blacklist_blacklistedtoken
    ADD CONSTRAINT token_blacklist_blacklistedtoken_pkey PRIMARY KEY (id);


--
-- Name: token_blacklist_blacklistedtoken token_blacklist_blacklistedtoken_token_id_key; Type: CONSTRAINT; Schema: public; Owner: postgres
--

ALTER TABLE ONLY public.token_blacklist_blacklistedtoken
    ADD CONSTRAINT token_blacklist_blacklistedtoken_token_id_key UNIQUE (token_id);


--
-- Name: token_blacklist_outstandingtoken token_blacklist_outstandingtoken_jti_hex_d9bdf6f7_uniq; Type: CONSTRAINT; Schema: public; Owner: postgres
--

ALTER TABLE ONLY public.token_blacklist_outstandingtoken
    ADD CONSTRAINT token_blacklist_outstandingtoken_jti_hex_d9bdf6f7_uniq UNIQUE (jti);


--
-- Name: token_blacklist_outstandingtoken token_blacklist_outstandingtoken_pkey; Type: CONSTRAINT; Schema: public; Owner: postgres
--

ALTER TABLE ONLY public.token_blacklist_outstandingtoken
    ADD CONSTRAINT token_blacklist_outstandingtoken_pkey PRIMARY KEY (id);


--
-- Name: accounts_ac_action_448a74_idx; Type: INDEX; Schema: public; Owner: postgres
--

CREATE INDEX accounts_ac_action_448a74_idx ON public.accounts_activitylog USING btree (action, "timestamp" DESC);


--
-- Name: accounts_ac_timesta_ffc3ad_idx; Type: INDEX; Schema: public; Owner: postgres
--

CREATE INDEX accounts_ac_timesta_ffc3ad_idx ON public.accounts_activitylog USING btree ("timestamp" DESC);


--
-- Name: accounts_ac_user_id_9bf4ca_idx; Type: INDEX; Schema: public; Owner: postgres
--

CREATE INDEX accounts_ac_user_id_9bf4ca_idx ON public.accounts_activitylog USING btree (user_id, "timestamp" DESC);


--
-- Name: accounts_activitylog_user_id_2d7b43c7; Type: INDEX; Schema: public; Owner: postgres
--

CREATE INDEX accounts_activitylog_user_id_2d7b43c7 ON public.accounts_activitylog USING btree (user_id);


--
-- Name: accounts_customrole_name_f7e5ae52_like; Type: INDEX; Schema: public; Owner: postgres
--

CREATE INDEX accounts_customrole_name_f7e5ae52_like ON public.accounts_customrole USING btree (name varchar_pattern_ops);


--
-- Name: accounts_customrole_permissions_customrole_id_d709dc31; Type: INDEX; Schema: public; Owner: postgres
--

CREATE INDEX accounts_customrole_permissions_customrole_id_d709dc31 ON public.accounts_customrole_permissions USING btree (customrole_id);


--
-- Name: accounts_customrole_permissions_permission_id_a5c983df; Type: INDEX; Schema: public; Owner: postgres
--

CREATE INDEX accounts_customrole_permissions_permission_id_a5c983df ON public.accounts_customrole_permissions USING btree (permission_id);


--
-- Name: accounts_navigationitem_name_c6d5deb9_like; Type: INDEX; Schema: public; Owner: postgres
--

CREATE INDEX accounts_navigationitem_name_c6d5deb9_like ON public.accounts_navigationitem USING btree (name varchar_pattern_ops);


--
-- Name: accounts_navigationitem_parent_id_ae5290a8; Type: INDEX; Schema: public; Owner: postgres
--

CREATE INDEX accounts_navigationitem_parent_id_ae5290a8 ON public.accounts_navigationitem USING btree (parent_id);


--
-- Name: accounts_no_created_4d1468_idx; Type: INDEX; Schema: public; Owner: postgres
--

CREATE INDEX accounts_no_created_4d1468_idx ON public.accounts_notification USING btree (created_at DESC);


--
-- Name: accounts_no_is_read_78f484_idx; Type: INDEX; Schema: public; Owner: postgres
--

CREATE INDEX accounts_no_is_read_78f484_idx ON public.accounts_notification USING btree (is_read, created_at DESC);


--
-- Name: accounts_no_notific_681bde_idx; Type: INDEX; Schema: public; Owner: postgres
--

CREATE INDEX accounts_no_notific_681bde_idx ON public.accounts_notification USING btree (notification_type, created_at DESC);


--
-- Name: accounts_notification_read_by_id_7471311d; Type: INDEX; Schema: public; Owner: postgres
--

CREATE INDEX accounts_notification_read_by_id_7471311d ON public.accounts_notification USING btree (read_by_id);


--
-- Name: accounts_notification_related_user_id_95bf45e8; Type: INDEX; Schema: public; Owner: postgres
--

CREATE INDEX accounts_notification_related_user_id_95bf45e8 ON public.accounts_notification USING btree (related_user_id);


--
-- Name: accounts_notification_user_id_30e6cfc5; Type: INDEX; Schema: public; Owner: postgres
--

CREATE INDEX accounts_notification_user_id_30e6cfc5 ON public.accounts_notification USING btree (user_id);


--
-- Name: accounts_profile_approved_by_id_2b0ffdf0; Type: INDEX; Schema: public; Owner: postgres
--

CREATE INDEX accounts_profile_approved_by_id_2b0ffdf0 ON public.accounts_profile USING btree (approved_by_id);


--
-- Name: accounts_profile_deactivated_by_id_db5111a5; Type: INDEX; Schema: public; Owner: postgres
--

CREATE INDEX accounts_profile_deactivated_by_id_db5111a5 ON public.accounts_profile USING btree (deactivated_by_id);


--
-- Name: accounts_profile_phone_cd8449a3_like; Type: INDEX; Schema: public; Owner: postgres
--

CREATE INDEX accounts_profile_phone_cd8449a3_like ON public.accounts_profile USING btree (phone varchar_pattern_ops);


--
-- Name: accounts_rolenavigationpermission_navigation_item_id_c404481c; Type: INDEX; Schema: public; Owner: postgres
--

CREATE INDEX accounts_rolenavigationpermission_navigation_item_id_c404481c ON public.accounts_rolenavigationpermission USING btree (navigation_item_id);


--
-- Name: accounts_rolenavigationpermission_role_id_cb91b827; Type: INDEX; Schema: public; Owner: postgres
--

CREATE INDEX accounts_rolenavigationpermission_role_id_cb91b827 ON public.accounts_rolenavigationpermission USING btree (role_id);


--
-- Name: accounts_userrole_assigned_by_id_182b2f2e; Type: INDEX; Schema: public; Owner: postgres
--

CREATE INDEX accounts_userrole_assigned_by_id_182b2f2e ON public.accounts_userrole USING btree (assigned_by_id);


--
-- Name: accounts_userrole_role_id_9448d870; Type: INDEX; Schema: public; Owner: postgres
--

CREATE INDEX accounts_userrole_role_id_9448d870 ON public.accounts_userrole USING btree (role_id);


--
-- Name: accounts_userrole_user_id_eba3c754; Type: INDEX; Schema: public; Owner: postgres
--

CREATE INDEX accounts_userrole_user_id_eba3c754 ON public.accounts_userrole USING btree (user_id);


--
-- Name: amenities_name_f879d0a5_like; Type: INDEX; Schema: public; Owner: postgres
--

CREATE INDEX amenities_name_f879d0a5_like ON public.amenities USING btree (name varchar_pattern_ops);


--
-- Name: auth_group_name_a6ea08ec_like; Type: INDEX; Schema: public; Owner: postgres
--

CREATE INDEX auth_group_name_a6ea08ec_like ON public.auth_group USING btree (name varchar_pattern_ops);


--
-- Name: auth_group_permissions_group_id_b120cbf9; Type: INDEX; Schema: public; Owner: postgres
--

CREATE INDEX auth_group_permissions_group_id_b120cbf9 ON public.auth_group_permissions USING btree (group_id);


--
-- Name: auth_group_permissions_permission_id_84c5c92e; Type: INDEX; Schema: public; Owner: postgres
--

CREATE INDEX auth_group_permissions_permission_id_84c5c92e ON public.auth_group_permissions USING btree (permission_id);


--
-- Name: auth_permission_content_type_id_2f476e4b; Type: INDEX; Schema: public; Owner: postgres
--

CREATE INDEX auth_permission_content_type_id_2f476e4b ON public.auth_permission USING btree (content_type_id);


--
-- Name: auth_user_groups_group_id_97559544; Type: INDEX; Schema: public; Owner: postgres
--

CREATE INDEX auth_user_groups_group_id_97559544 ON public.auth_user_groups USING btree (group_id);


--
-- Name: auth_user_groups_user_id_6a12ed8b; Type: INDEX; Schema: public; Owner: postgres
--

CREATE INDEX auth_user_groups_user_id_6a12ed8b ON public.auth_user_groups USING btree (user_id);


--
-- Name: auth_user_user_permissions_permission_id_1fbb5f2c; Type: INDEX; Schema: public; Owner: postgres
--

CREATE INDEX auth_user_user_permissions_permission_id_1fbb5f2c ON public.auth_user_user_permissions USING btree (permission_id);


--
-- Name: auth_user_user_permissions_user_id_a95ead1b; Type: INDEX; Schema: public; Owner: postgres
--

CREATE INDEX auth_user_user_permissions_user_id_a95ead1b ON public.auth_user_user_permissions USING btree (user_id);


--
-- Name: auth_user_username_6821ab7c_like; Type: INDEX; Schema: public; Owner: postgres
--

CREATE INDEX auth_user_username_6821ab7c_like ON public.auth_user USING btree (username varchar_pattern_ops);


--
-- Name: bookings_assigned_staff_id_0486c2ba; Type: INDEX; Schema: public; Owner: postgres
--

CREATE INDEX bookings_assigned_staff_id_0486c2ba ON public.bookings USING btree (assigned_staff_id);


--
-- Name: bookings_booking_reference_5bb93e59_like; Type: INDEX; Schema: public; Owner: postgres
--

CREATE INDEX bookings_booking_reference_5bb93e59_like ON public.bookings USING btree (booking_reference varchar_pattern_ops);


--
-- Name: bookings_created_by_id_e5f7c14a; Type: INDEX; Schema: public; Owner: postgres
--

CREATE INDEX bookings_created_by_id_e5f7c14a ON public.bookings USING btree (created_by_id);


--
-- Name: bookings_customer_id_621160fd; Type: INDEX; Schema: public; Owner: postgres
--

CREATE INDEX bookings_customer_id_621160fd ON public.bookings USING btree (customer_id);


--
-- Name: bookings_property_obj_id_c961b3ca; Type: INDEX; Schema: public; Owner: postgres
--

CREATE INDEX bookings_property_obj_id_c961b3ca ON public.bookings USING btree (property_obj_id);


--
-- Name: complaints_complaint_property_id_0f6772f3; Type: INDEX; Schema: public; Owner: postgres
--

CREATE INDEX complaints_complaint_property_id_0f6772f3 ON public.complaints_complaint USING btree (property_id);


--
-- Name: complaints_complaint_resolved_by_id_ed3398b4; Type: INDEX; Schema: public; Owner: postgres
--

CREATE INDEX complaints_complaint_resolved_by_id_ed3398b4 ON public.complaints_complaint USING btree (resolved_by_id);


--
-- Name: complaints_complaint_user_id_fbe61a45; Type: INDEX; Schema: public; Owner: postgres
--

CREATE INDEX complaints_complaint_user_id_fbe61a45 ON public.complaints_complaint USING btree (user_id);


--
-- Name: complaints_complaintresponse_complaint_id_e4463e0c; Type: INDEX; Schema: public; Owner: postgres
--

CREATE INDEX complaints_complaintresponse_complaint_id_e4463e0c ON public.complaints_complaintresponse USING btree (complaint_id);


--
-- Name: complaints_complaintresponse_responder_id_16114ad9; Type: INDEX; Schema: public; Owner: postgres
--

CREATE INDEX complaints_complaintresponse_responder_id_16114ad9 ON public.complaints_complaintresponse USING btree (responder_id);


--
-- Name: complaints_feedback_property_id_9041b94e; Type: INDEX; Schema: public; Owner: postgres
--

CREATE INDEX complaints_feedback_property_id_9041b94e ON public.complaints_feedback USING btree (property_id);


--
-- Name: complaints_feedback_user_id_e52edc86; Type: INDEX; Schema: public; Owner: postgres
--

CREATE INDEX complaints_feedback_user_id_e52edc86 ON public.complaints_feedback USING btree (user_id);


--
-- Name: customers_email_af8f39bb_like; Type: INDEX; Schema: public; Owner: postgres
--

CREATE INDEX customers_email_af8f39bb_like ON public.customers USING btree (email varchar_pattern_ops);


--
-- Name: districts_region_id_f125ac86; Type: INDEX; Schema: public; Owner: postgres
--

CREATE INDEX districts_region_id_f125ac86 ON public.districts USING btree (region_id);


--
-- Name: django_admin_log_content_type_id_c4bce8eb; Type: INDEX; Schema: public; Owner: postgres
--

CREATE INDEX django_admin_log_content_type_id_c4bce8eb ON public.django_admin_log USING btree (content_type_id);


--
-- Name: django_admin_log_user_id_c564eba6; Type: INDEX; Schema: public; Owner: postgres
--

CREATE INDEX django_admin_log_user_id_c564eba6 ON public.django_admin_log USING btree (user_id);


--
-- Name: django_session_expire_date_a5c62663; Type: INDEX; Schema: public; Owner: postgres
--

CREATE INDEX django_session_expire_date_a5c62663 ON public.django_session USING btree (expire_date);


--
-- Name: django_session_session_key_c0390e0f_like; Type: INDEX; Schema: public; Owner: postgres
--

CREATE INDEX django_session_session_key_c0390e0f_like ON public.django_session USING btree (session_key varchar_pattern_ops);


--
-- Name: documents_booking_property_ref_id_89c3baa9; Type: INDEX; Schema: public; Owner: postgres
--

CREATE INDEX documents_booking_property_ref_id_89c3baa9 ON public.documents_booking USING btree (property_ref_id);


--
-- Name: documents_booking_tenant_id_9fae5f5c; Type: INDEX; Schema: public; Owner: postgres
--

CREATE INDEX documents_booking_tenant_id_9fae5f5c ON public.documents_booking USING btree (tenant_id);


--
-- Name: documents_document_booking_id_b412be32; Type: INDEX; Schema: public; Owner: postgres
--

CREATE INDEX documents_document_booking_id_b412be32 ON public.documents_document USING btree (booking_id);


--
-- Name: documents_document_lease_id_1de3b9f1; Type: INDEX; Schema: public; Owner: postgres
--

CREATE INDEX documents_document_lease_id_1de3b9f1 ON public.documents_document USING btree (lease_id);


--
-- Name: documents_document_property_ref_id_da78bc47; Type: INDEX; Schema: public; Owner: postgres
--

CREATE INDEX documents_document_property_ref_id_da78bc47 ON public.documents_document USING btree (property_ref_id);


--
-- Name: documents_document_user_id_e543d099; Type: INDEX; Schema: public; Owner: postgres
--

CREATE INDEX documents_document_user_id_e543d099 ON public.documents_document USING btree (user_id);


--
-- Name: documents_lease_property_ref_id_3dfda1e3; Type: INDEX; Schema: public; Owner: postgres
--

CREATE INDEX documents_lease_property_ref_id_3dfda1e3 ON public.documents_lease USING btree (property_ref_id);


--
-- Name: documents_lease_tenant_id_6c72e060; Type: INDEX; Schema: public; Owner: postgres
--

CREATE INDEX documents_lease_tenant_id_6c72e060 ON public.documents_lease USING btree (tenant_id);


--
-- Name: expenses_property_id_95dbed3f; Type: INDEX; Schema: public; Owner: postgres
--

CREATE INDEX expenses_property_id_95dbed3f ON public.expenses USING btree (property_id);


--
-- Name: invoices_tenant_id_87941761; Type: INDEX; Schema: public; Owner: postgres
--

CREATE INDEX invoices_tenant_id_87941761 ON public.invoices USING btree (tenant_id);


--
-- Name: maintenance_maintenancerequest_assigned_to_id_e640be2b; Type: INDEX; Schema: public; Owner: postgres
--

CREATE INDEX maintenance_maintenancerequest_assigned_to_id_e640be2b ON public.maintenance_maintenancerequest USING btree (assigned_to_id);


--
-- Name: maintenance_maintenancerequest_property_id_3c32ea31; Type: INDEX; Schema: public; Owner: postgres
--

CREATE INDEX maintenance_maintenancerequest_property_id_3c32ea31 ON public.maintenance_maintenancerequest USING btree (property_id);


--
-- Name: maintenance_maintenancerequest_tenant_id_dd21c7ae; Type: INDEX; Schema: public; Owner: postgres
--

CREATE INDEX maintenance_maintenancerequest_tenant_id_dd21c7ae ON public.maintenance_maintenancerequest USING btree (tenant_id);


--
-- Name: payment_audit_payment_id_f79d13c4; Type: INDEX; Schema: public; Owner: postgres
--

CREATE INDEX payment_audit_payment_id_f79d13c4 ON public.payment_audit USING btree (payment_id);


--
-- Name: payment_transactions_payment_id_7548fe9a; Type: INDEX; Schema: public; Owner: postgres
--

CREATE INDEX payment_transactions_payment_id_7548fe9a ON public.payment_transactions USING btree (payment_id);


--
-- Name: payment_transactions_provider_id_965073e8; Type: INDEX; Schema: public; Owner: postgres
--

CREATE INDEX payment_transactions_provider_id_965073e8 ON public.payment_transactions USING btree (provider_id);


--
-- Name: payments_booking_id_fa2b6c3e; Type: INDEX; Schema: public; Owner: postgres
--

CREATE INDEX payments_booking_id_fa2b6c3e ON public.payments USING btree (booking_id);


--
-- Name: payments_invoice_id_09b5e2bf; Type: INDEX; Schema: public; Owner: postgres
--

CREATE INDEX payments_invoice_id_09b5e2bf ON public.payments USING btree (invoice_id);


--
-- Name: payments_lease_id_442484c7; Type: INDEX; Schema: public; Owner: postgres
--

CREATE INDEX payments_lease_id_442484c7 ON public.payments USING btree (lease_id);


--
-- Name: payments_provider_id_ae70ad67; Type: INDEX; Schema: public; Owner: postgres
--

CREATE INDEX payments_provider_id_ae70ad67 ON public.payments USING btree (provider_id);


--
-- Name: payments_recorded_by_id_60d2f94d; Type: INDEX; Schema: public; Owner: postgres
--

CREATE INDEX payments_recorded_by_id_60d2f94d ON public.payments USING btree (recorded_by_id);


--
-- Name: payments_rent_invoice_id_dcaab7b9; Type: INDEX; Schema: public; Owner: postgres
--

CREATE INDEX payments_rent_invoice_id_dcaab7b9 ON public.payments USING btree (rent_invoice_id);


--
-- Name: payments_tenant_id_cbcc3e33; Type: INDEX; Schema: public; Owner: postgres
--

CREATE INDEX payments_tenant_id_cbcc3e33 ON public.payments USING btree (tenant_id);


--
-- Name: properties__booking_9956cb_idx; Type: INDEX; Schema: public; Owner: postgres
--

CREATE INDEX properties__booking_9956cb_idx ON public.properties_houserentreminder USING btree (booking_id, reminder_sequence);


--
-- Name: properties__due_dat_d8442a_idx; Type: INDEX; Schema: public; Owner: postgres
--

CREATE INDEX properties__due_dat_d8442a_idx ON public.properties_houserentreminder USING btree (due_date, is_overdue);


--
-- Name: properties__schedul_0cb01f_idx; Type: INDEX; Schema: public; Owner: postgres
--

CREATE INDEX properties__schedul_0cb01f_idx ON public.properties_houserentreminder USING btree (scheduled_date, reminder_status);


--
-- Name: properties_approved_by_id_c6e9d599; Type: INDEX; Schema: public; Owner: postgres
--

CREATE INDEX properties_approved_by_id_c6e9d599 ON public.properties USING btree (approved_by_id);


--
-- Name: properties_district_id_ed7b3fbc; Type: INDEX; Schema: public; Owner: postgres
--

CREATE INDEX properties_district_id_ed7b3fbc ON public.properties USING btree (district_id);


--
-- Name: properties_houserentreminder_booking_id_818d1415; Type: INDEX; Schema: public; Owner: postgres
--

CREATE INDEX properties_houserentreminder_booking_id_818d1415 ON public.properties_houserentreminder USING btree (booking_id);


--
-- Name: properties_houserentreminder_created_by_id_3341cd7f; Type: INDEX; Schema: public; Owner: postgres
--

CREATE INDEX properties_houserentreminder_created_by_id_3341cd7f ON public.properties_houserentreminder USING btree (created_by_id);


--
-- Name: properties_houserentreminder_customer_id_7e20f7a8; Type: INDEX; Schema: public; Owner: postgres
--

CREATE INDEX properties_houserentreminder_customer_id_7e20f7a8 ON public.properties_houserentreminder USING btree (customer_id);


--
-- Name: properties_houserentreminder_property_obj_id_710545da; Type: INDEX; Schema: public; Owner: postgres
--

CREATE INDEX properties_houserentreminder_property_obj_id_710545da ON public.properties_houserentreminder USING btree (property_obj_id);


--
-- Name: properties_houserentreminderlog_performed_by_id_70881276; Type: INDEX; Schema: public; Owner: postgres
--

CREATE INDEX properties_houserentreminderlog_performed_by_id_70881276 ON public.properties_houserentreminderlog USING btree (performed_by_id);


--
-- Name: properties_houserentreminderlog_reminder_id_879d70b7; Type: INDEX; Schema: public; Owner: postgres
--

CREATE INDEX properties_houserentreminderlog_reminder_id_879d70b7 ON public.properties_houserentreminderlog USING btree (reminder_id);


--
-- Name: properties_houserentreminderschedule_property_obj_id_b9c57501; Type: INDEX; Schema: public; Owner: postgres
--

CREATE INDEX properties_houserentreminderschedule_property_obj_id_b9c57501 ON public.properties_houserentreminderschedule USING btree (property_obj_id);


--
-- Name: properties_houserentremindersettings_property_obj_id_28c50ee9; Type: INDEX; Schema: public; Owner: postgres
--

CREATE INDEX properties_houserentremindersettings_property_obj_id_28c50ee9 ON public.properties_houserentremindersettings USING btree (property_obj_id);


--
-- Name: properties_owner_id_f88fce84; Type: INDEX; Schema: public; Owner: postgres
--

CREATE INDEX properties_owner_id_f88fce84 ON public.properties USING btree (owner_id);


--
-- Name: properties_property_type_id_1eae0370; Type: INDEX; Schema: public; Owner: postgres
--

CREATE INDEX properties_property_type_id_1eae0370 ON public.properties USING btree (property_type_id);


--
-- Name: properties_region_id_72668975; Type: INDEX; Schema: public; Owner: postgres
--

CREATE INDEX properties_region_id_72668975 ON public.properties USING btree (region_id);


--
-- Name: property_amenities_amenity_id_862539d4; Type: INDEX; Schema: public; Owner: postgres
--

CREATE INDEX property_amenities_amenity_id_862539d4 ON public.property_amenities USING btree (amenity_id);


--
-- Name: property_amenities_property_id_1e441e1d; Type: INDEX; Schema: public; Owner: postgres
--

CREATE INDEX property_amenities_property_id_1e441e1d ON public.property_amenities USING btree (property_id);


--
-- Name: property_complaints_booking_id_62af9443; Type: INDEX; Schema: public; Owner: postgres
--

CREATE INDEX property_complaints_booking_id_62af9443 ON public.property_complaints USING btree (booking_id);


--
-- Name: property_complaints_customer_id_903bbe24; Type: INDEX; Schema: public; Owner: postgres
--

CREATE INDEX property_complaints_customer_id_903bbe24 ON public.property_complaints USING btree (customer_id);


--
-- Name: property_complaints_resolved_by_id_cca95724; Type: INDEX; Schema: public; Owner: postgres
--

CREATE INDEX property_complaints_resolved_by_id_cca95724 ON public.property_complaints USING btree (resolved_by_id);


--
-- Name: property_favorites_property_id_471b93d3; Type: INDEX; Schema: public; Owner: postgres
--

CREATE INDEX property_favorites_property_id_471b93d3 ON public.property_favorites USING btree (property_id);


--
-- Name: property_favorites_user_id_1fa729c7; Type: INDEX; Schema: public; Owner: postgres
--

CREATE INDEX property_favorites_user_id_1fa729c7 ON public.property_favorites USING btree (user_id);


--
-- Name: property_images_property_id_16381827; Type: INDEX; Schema: public; Owner: postgres
--

CREATE INDEX property_images_property_id_16381827 ON public.property_images USING btree (property_id);


--
-- Name: property_payments_booking_id_5c58bb4d; Type: INDEX; Schema: public; Owner: postgres
--

CREATE INDEX property_payments_booking_id_5c58bb4d ON public.property_payments USING btree (booking_id);


--
-- Name: property_payments_recorded_by_id_2bc0919e; Type: INDEX; Schema: public; Owner: postgres
--

CREATE INDEX property_payments_recorded_by_id_2bc0919e ON public.property_payments USING btree (recorded_by_id);


--
-- Name: property_rooms_current_booking_id_315bcabb; Type: INDEX; Schema: public; Owner: postgres
--

CREATE INDEX property_rooms_current_booking_id_315bcabb ON public.property_rooms USING btree (current_booking_id);


--
-- Name: property_rooms_property_obj_id_2cb35785; Type: INDEX; Schema: public; Owner: postgres
--

CREATE INDEX property_rooms_property_obj_id_2cb35785 ON public.property_rooms USING btree (property_obj_id);


--
-- Name: property_types_name_60e89acf_like; Type: INDEX; Schema: public; Owner: postgres
--

CREATE INDEX property_types_name_60e89acf_like ON public.property_types USING btree (name varchar_pattern_ops);


--
-- Name: property_views_property_id_e83b12ad; Type: INDEX; Schema: public; Owner: postgres
--

CREATE INDEX property_views_property_id_e83b12ad ON public.property_views USING btree (property_id);


--
-- Name: property_views_user_id_97c87565; Type: INDEX; Schema: public; Owner: postgres
--

CREATE INDEX property_views_user_id_97c87565 ON public.property_views USING btree (user_id);


--
-- Name: property_visit_payments_payment_id_9a15209a; Type: INDEX; Schema: public; Owner: postgres
--

CREATE INDEX property_visit_payments_payment_id_9a15209a ON public.property_visit_payments USING btree (payment_id);


--
-- Name: property_visit_payments_property_id_a7fb7689; Type: INDEX; Schema: public; Owner: postgres
--

CREATE INDEX property_visit_payments_property_id_a7fb7689 ON public.property_visit_payments USING btree (property_id);


--
-- Name: property_visit_payments_user_id_db32e72c; Type: INDEX; Schema: public; Owner: postgres
--

CREATE INDEX property_visit_payments_user_id_db32e72c ON public.property_visit_payments USING btree (user_id);


--
-- Name: regions_name_18e8a611_like; Type: INDEX; Schema: public; Owner: postgres
--

CREATE INDEX regions_name_18e8a611_like ON public.regions USING btree (name varchar_pattern_ops);


--
-- Name: rent_latefee_lease_id_0f526644; Type: INDEX; Schema: public; Owner: postgres
--

CREATE INDEX rent_latefee_lease_id_0f526644 ON public.rent_latefee USING btree (lease_id);


--
-- Name: rent_rentinvoice_invoice_number_931f3c49_like; Type: INDEX; Schema: public; Owner: postgres
--

CREATE INDEX rent_rentinvoice_invoice_number_931f3c49_like ON public.rent_rentinvoice USING btree (invoice_number varchar_pattern_ops);


--
-- Name: rent_rentinvoice_lease_id_dcee4e2c; Type: INDEX; Schema: public; Owner: postgres
--

CREATE INDEX rent_rentinvoice_lease_id_dcee4e2c ON public.rent_rentinvoice USING btree (lease_id);


--
-- Name: rent_rentinvoice_tenant_id_5cdc5a45; Type: INDEX; Schema: public; Owner: postgres
--

CREATE INDEX rent_rentinvoice_tenant_id_5cdc5a45 ON public.rent_rentinvoice USING btree (tenant_id);


--
-- Name: rent_rentpayment_invoice_id_39165311; Type: INDEX; Schema: public; Owner: postgres
--

CREATE INDEX rent_rentpayment_invoice_id_39165311 ON public.rent_rentpayment USING btree (invoice_id);


--
-- Name: rent_rentpayment_lease_id_9c0db3b0; Type: INDEX; Schema: public; Owner: postgres
--

CREATE INDEX rent_rentpayment_lease_id_9c0db3b0 ON public.rent_rentpayment USING btree (lease_id);


--
-- Name: rent_rentpayment_recorded_by_id_62521d42; Type: INDEX; Schema: public; Owner: postgres
--

CREATE INDEX rent_rentpayment_recorded_by_id_62521d42 ON public.rent_rentpayment USING btree (recorded_by_id);


--
-- Name: rent_rentpayment_tenant_id_204a01dd; Type: INDEX; Schema: public; Owner: postgres
--

CREATE INDEX rent_rentpayment_tenant_id_204a01dd ON public.rent_rentpayment USING btree (tenant_id);


--
-- Name: rent_rentreminder_invoice_id_ad5fa9cb; Type: INDEX; Schema: public; Owner: postgres
--

CREATE INDEX rent_rentreminder_invoice_id_ad5fa9cb ON public.rent_rentreminder USING btree (invoice_id);


--
-- Name: rent_rentreminder_tenant_id_50422c2b; Type: INDEX; Schema: public; Owner: postgres
--

CREATE INDEX rent_rentreminder_tenant_id_50422c2b ON public.rent_rentreminder USING btree (tenant_id);


--
-- Name: reports_generatedreport_generated_by_id_634c8b8f; Type: INDEX; Schema: public; Owner: postgres
--

CREATE INDEX reports_generatedreport_generated_by_id_634c8b8f ON public.reports_generatedreport USING btree (generated_by_id);


--
-- Name: reports_generatedreport_template_id_cc9efa1c; Type: INDEX; Schema: public; Owner: postgres
--

CREATE INDEX reports_generatedreport_template_id_cc9efa1c ON public.reports_generatedreport USING btree (template_id);


--
-- Name: reports_reporttemplate_created_by_id_d379b15b; Type: INDEX; Schema: public; Owner: postgres
--

CREATE INDEX reports_reporttemplate_created_by_id_d379b15b ON public.reports_reporttemplate USING btree (created_by_id);


--
-- Name: token_blacklist_outstandingtoken_jti_hex_d9bdf6f7_like; Type: INDEX; Schema: public; Owner: postgres
--

CREATE INDEX token_blacklist_outstandingtoken_jti_hex_d9bdf6f7_like ON public.token_blacklist_outstandingtoken USING btree (jti varchar_pattern_ops);


--
-- Name: token_blacklist_outstandingtoken_user_id_83bc629a; Type: INDEX; Schema: public; Owner: postgres
--

CREATE INDEX token_blacklist_outstandingtoken_user_id_83bc629a ON public.token_blacklist_outstandingtoken USING btree (user_id);


--
-- Name: accounts_activitylog accounts_activitylog_user_id_2d7b43c7_fk_auth_user_id; Type: FK CONSTRAINT; Schema: public; Owner: postgres
--

ALTER TABLE ONLY public.accounts_activitylog
    ADD CONSTRAINT accounts_activitylog_user_id_2d7b43c7_fk_auth_user_id FOREIGN KEY (user_id) REFERENCES public.auth_user(id) DEFERRABLE INITIALLY DEFERRED;


--
-- Name: accounts_customrole_permissions accounts_customrole__customrole_id_d709dc31_fk_accounts_; Type: FK CONSTRAINT; Schema: public; Owner: postgres
--

ALTER TABLE ONLY public.accounts_customrole_permissions
    ADD CONSTRAINT accounts_customrole__customrole_id_d709dc31_fk_accounts_ FOREIGN KEY (customrole_id) REFERENCES public.accounts_customrole(id) DEFERRABLE INITIALLY DEFERRED;


--
-- Name: accounts_customrole_permissions accounts_customrole__permission_id_a5c983df_fk_auth_perm; Type: FK CONSTRAINT; Schema: public; Owner: postgres
--

ALTER TABLE ONLY public.accounts_customrole_permissions
    ADD CONSTRAINT accounts_customrole__permission_id_a5c983df_fk_auth_perm FOREIGN KEY (permission_id) REFERENCES public.auth_permission(id) DEFERRABLE INITIALLY DEFERRED;


--
-- Name: accounts_navigationitem accounts_navigationi_parent_id_ae5290a8_fk_accounts_; Type: FK CONSTRAINT; Schema: public; Owner: postgres
--

ALTER TABLE ONLY public.accounts_navigationitem
    ADD CONSTRAINT accounts_navigationi_parent_id_ae5290a8_fk_accounts_ FOREIGN KEY (parent_id) REFERENCES public.accounts_navigationitem(id) DEFERRABLE INITIALLY DEFERRED;


--
-- Name: accounts_notification accounts_notification_read_by_id_7471311d_fk_auth_user_id; Type: FK CONSTRAINT; Schema: public; Owner: postgres
--

ALTER TABLE ONLY public.accounts_notification
    ADD CONSTRAINT accounts_notification_read_by_id_7471311d_fk_auth_user_id FOREIGN KEY (read_by_id) REFERENCES public.auth_user(id) DEFERRABLE INITIALLY DEFERRED;


--
-- Name: accounts_notification accounts_notification_related_user_id_95bf45e8_fk_auth_user_id; Type: FK CONSTRAINT; Schema: public; Owner: postgres
--

ALTER TABLE ONLY public.accounts_notification
    ADD CONSTRAINT accounts_notification_related_user_id_95bf45e8_fk_auth_user_id FOREIGN KEY (related_user_id) REFERENCES public.auth_user(id) DEFERRABLE INITIALLY DEFERRED;


--
-- Name: accounts_notification accounts_notification_user_id_30e6cfc5_fk_auth_user_id; Type: FK CONSTRAINT; Schema: public; Owner: postgres
--

ALTER TABLE ONLY public.accounts_notification
    ADD CONSTRAINT accounts_notification_user_id_30e6cfc5_fk_auth_user_id FOREIGN KEY (user_id) REFERENCES public.auth_user(id) DEFERRABLE INITIALLY DEFERRED;


--
-- Name: accounts_profile accounts_profile_approved_by_id_2b0ffdf0_fk_auth_user_id; Type: FK CONSTRAINT; Schema: public; Owner: postgres
--

ALTER TABLE ONLY public.accounts_profile
    ADD CONSTRAINT accounts_profile_approved_by_id_2b0ffdf0_fk_auth_user_id FOREIGN KEY (approved_by_id) REFERENCES public.auth_user(id) DEFERRABLE INITIALLY DEFERRED;


--
-- Name: accounts_profile accounts_profile_deactivated_by_id_db5111a5_fk_auth_user_id; Type: FK CONSTRAINT; Schema: public; Owner: postgres
--

ALTER TABLE ONLY public.accounts_profile
    ADD CONSTRAINT accounts_profile_deactivated_by_id_db5111a5_fk_auth_user_id FOREIGN KEY (deactivated_by_id) REFERENCES public.auth_user(id) DEFERRABLE INITIALLY DEFERRED;


--
-- Name: accounts_profile accounts_profile_user_id_49a85d32_fk_auth_user_id; Type: FK CONSTRAINT; Schema: public; Owner: postgres
--

ALTER TABLE ONLY public.accounts_profile
    ADD CONSTRAINT accounts_profile_user_id_49a85d32_fk_auth_user_id FOREIGN KEY (user_id) REFERENCES public.auth_user(id) DEFERRABLE INITIALLY DEFERRED;


--
-- Name: accounts_rolenavigationpermission accounts_rolenavigat_navigation_item_id_c404481c_fk_accounts_; Type: FK CONSTRAINT; Schema: public; Owner: postgres
--

ALTER TABLE ONLY public.accounts_rolenavigationpermission
    ADD CONSTRAINT accounts_rolenavigat_navigation_item_id_c404481c_fk_accounts_ FOREIGN KEY (navigation_item_id) REFERENCES public.accounts_navigationitem(id) DEFERRABLE INITIALLY DEFERRED;


--
-- Name: accounts_rolenavigationpermission accounts_rolenavigat_role_id_cb91b827_fk_accounts_; Type: FK CONSTRAINT; Schema: public; Owner: postgres
--

ALTER TABLE ONLY public.accounts_rolenavigationpermission
    ADD CONSTRAINT accounts_rolenavigat_role_id_cb91b827_fk_accounts_ FOREIGN KEY (role_id) REFERENCES public.accounts_customrole(id) DEFERRABLE INITIALLY DEFERRED;


--
-- Name: accounts_userrole accounts_userrole_assigned_by_id_182b2f2e_fk_auth_user_id; Type: FK CONSTRAINT; Schema: public; Owner: postgres
--

ALTER TABLE ONLY public.accounts_userrole
    ADD CONSTRAINT accounts_userrole_assigned_by_id_182b2f2e_fk_auth_user_id FOREIGN KEY (assigned_by_id) REFERENCES public.auth_user(id) DEFERRABLE INITIALLY DEFERRED;


--
-- Name: accounts_userrole accounts_userrole_role_id_9448d870_fk_accounts_customrole_id; Type: FK CONSTRAINT; Schema: public; Owner: postgres
--

ALTER TABLE ONLY public.accounts_userrole
    ADD CONSTRAINT accounts_userrole_role_id_9448d870_fk_accounts_customrole_id FOREIGN KEY (role_id) REFERENCES public.accounts_customrole(id) DEFERRABLE INITIALLY DEFERRED;


--
-- Name: accounts_userrole accounts_userrole_user_id_eba3c754_fk_auth_user_id; Type: FK CONSTRAINT; Schema: public; Owner: postgres
--

ALTER TABLE ONLY public.accounts_userrole
    ADD CONSTRAINT accounts_userrole_user_id_eba3c754_fk_auth_user_id FOREIGN KEY (user_id) REFERENCES public.auth_user(id) DEFERRABLE INITIALLY DEFERRED;


--
-- Name: auth_group_permissions auth_group_permissio_permission_id_84c5c92e_fk_auth_perm; Type: FK CONSTRAINT; Schema: public; Owner: postgres
--

ALTER TABLE ONLY public.auth_group_permissions
    ADD CONSTRAINT auth_group_permissio_permission_id_84c5c92e_fk_auth_perm FOREIGN KEY (permission_id) REFERENCES public.auth_permission(id) DEFERRABLE INITIALLY DEFERRED;


--
-- Name: auth_group_permissions auth_group_permissions_group_id_b120cbf9_fk_auth_group_id; Type: FK CONSTRAINT; Schema: public; Owner: postgres
--

ALTER TABLE ONLY public.auth_group_permissions
    ADD CONSTRAINT auth_group_permissions_group_id_b120cbf9_fk_auth_group_id FOREIGN KEY (group_id) REFERENCES public.auth_group(id) DEFERRABLE INITIALLY DEFERRED;


--
-- Name: auth_permission auth_permission_content_type_id_2f476e4b_fk_django_co; Type: FK CONSTRAINT; Schema: public; Owner: postgres
--

ALTER TABLE ONLY public.auth_permission
    ADD CONSTRAINT auth_permission_content_type_id_2f476e4b_fk_django_co FOREIGN KEY (content_type_id) REFERENCES public.django_content_type(id) DEFERRABLE INITIALLY DEFERRED;


--
-- Name: auth_user_groups auth_user_groups_group_id_97559544_fk_auth_group_id; Type: FK CONSTRAINT; Schema: public; Owner: postgres
--

ALTER TABLE ONLY public.auth_user_groups
    ADD CONSTRAINT auth_user_groups_group_id_97559544_fk_auth_group_id FOREIGN KEY (group_id) REFERENCES public.auth_group(id) DEFERRABLE INITIALLY DEFERRED;


--
-- Name: auth_user_groups auth_user_groups_user_id_6a12ed8b_fk_auth_user_id; Type: FK CONSTRAINT; Schema: public; Owner: postgres
--

ALTER TABLE ONLY public.auth_user_groups
    ADD CONSTRAINT auth_user_groups_user_id_6a12ed8b_fk_auth_user_id FOREIGN KEY (user_id) REFERENCES public.auth_user(id) DEFERRABLE INITIALLY DEFERRED;


--
-- Name: auth_user_user_permissions auth_user_user_permi_permission_id_1fbb5f2c_fk_auth_perm; Type: FK CONSTRAINT; Schema: public; Owner: postgres
--

ALTER TABLE ONLY public.auth_user_user_permissions
    ADD CONSTRAINT auth_user_user_permi_permission_id_1fbb5f2c_fk_auth_perm FOREIGN KEY (permission_id) REFERENCES public.auth_permission(id) DEFERRABLE INITIALLY DEFERRED;


--
-- Name: auth_user_user_permissions auth_user_user_permissions_user_id_a95ead1b_fk_auth_user_id; Type: FK CONSTRAINT; Schema: public; Owner: postgres
--

ALTER TABLE ONLY public.auth_user_user_permissions
    ADD CONSTRAINT auth_user_user_permissions_user_id_a95ead1b_fk_auth_user_id FOREIGN KEY (user_id) REFERENCES public.auth_user(id) DEFERRABLE INITIALLY DEFERRED;


--
-- Name: bookings bookings_assigned_staff_id_0486c2ba_fk_auth_user_id; Type: FK CONSTRAINT; Schema: public; Owner: postgres
--

ALTER TABLE ONLY public.bookings
    ADD CONSTRAINT bookings_assigned_staff_id_0486c2ba_fk_auth_user_id FOREIGN KEY (assigned_staff_id) REFERENCES public.auth_user(id) DEFERRABLE INITIALLY DEFERRED;


--
-- Name: bookings bookings_created_by_id_e5f7c14a_fk_auth_user_id; Type: FK CONSTRAINT; Schema: public; Owner: postgres
--

ALTER TABLE ONLY public.bookings
    ADD CONSTRAINT bookings_created_by_id_e5f7c14a_fk_auth_user_id FOREIGN KEY (created_by_id) REFERENCES public.auth_user(id) DEFERRABLE INITIALLY DEFERRED;


--
-- Name: bookings bookings_customer_id_621160fd_fk_customers_id; Type: FK CONSTRAINT; Schema: public; Owner: postgres
--

ALTER TABLE ONLY public.bookings
    ADD CONSTRAINT bookings_customer_id_621160fd_fk_customers_id FOREIGN KEY (customer_id) REFERENCES public.customers(id) DEFERRABLE INITIALLY DEFERRED;


--
-- Name: bookings bookings_property_obj_id_c961b3ca_fk_properties_id; Type: FK CONSTRAINT; Schema: public; Owner: postgres
--

ALTER TABLE ONLY public.bookings
    ADD CONSTRAINT bookings_property_obj_id_c961b3ca_fk_properties_id FOREIGN KEY (property_obj_id) REFERENCES public.properties(id) DEFERRABLE INITIALLY DEFERRED;


--
-- Name: complaints_complaintresponse complaints_complaint_complaint_id_e4463e0c_fk_complaint; Type: FK CONSTRAINT; Schema: public; Owner: postgres
--

ALTER TABLE ONLY public.complaints_complaintresponse
    ADD CONSTRAINT complaints_complaint_complaint_id_e4463e0c_fk_complaint FOREIGN KEY (complaint_id) REFERENCES public.complaints_complaint(id) DEFERRABLE INITIALLY DEFERRED;


--
-- Name: complaints_complaint complaints_complaint_property_id_0f6772f3_fk_properties_id; Type: FK CONSTRAINT; Schema: public; Owner: postgres
--

ALTER TABLE ONLY public.complaints_complaint
    ADD CONSTRAINT complaints_complaint_property_id_0f6772f3_fk_properties_id FOREIGN KEY (property_id) REFERENCES public.properties(id) DEFERRABLE INITIALLY DEFERRED;


--
-- Name: complaints_complaint complaints_complaint_resolved_by_id_ed3398b4_fk_auth_user_id; Type: FK CONSTRAINT; Schema: public; Owner: postgres
--

ALTER TABLE ONLY public.complaints_complaint
    ADD CONSTRAINT complaints_complaint_resolved_by_id_ed3398b4_fk_auth_user_id FOREIGN KEY (resolved_by_id) REFERENCES public.auth_user(id) DEFERRABLE INITIALLY DEFERRED;


--
-- Name: complaints_complaintresponse complaints_complaint_responder_id_16114ad9_fk_auth_user; Type: FK CONSTRAINT; Schema: public; Owner: postgres
--

ALTER TABLE ONLY public.complaints_complaintresponse
    ADD CONSTRAINT complaints_complaint_responder_id_16114ad9_fk_auth_user FOREIGN KEY (responder_id) REFERENCES public.auth_user(id) DEFERRABLE INITIALLY DEFERRED;


--
-- Name: complaints_complaint complaints_complaint_user_id_fbe61a45_fk_auth_user_id; Type: FK CONSTRAINT; Schema: public; Owner: postgres
--

ALTER TABLE ONLY public.complaints_complaint
    ADD CONSTRAINT complaints_complaint_user_id_fbe61a45_fk_auth_user_id FOREIGN KEY (user_id) REFERENCES public.auth_user(id) DEFERRABLE INITIALLY DEFERRED;


--
-- Name: complaints_feedback complaints_feedback_property_id_9041b94e_fk_properties_id; Type: FK CONSTRAINT; Schema: public; Owner: postgres
--

ALTER TABLE ONLY public.complaints_feedback
    ADD CONSTRAINT complaints_feedback_property_id_9041b94e_fk_properties_id FOREIGN KEY (property_id) REFERENCES public.properties(id) DEFERRABLE INITIALLY DEFERRED;


--
-- Name: complaints_feedback complaints_feedback_user_id_e52edc86_fk_auth_user_id; Type: FK CONSTRAINT; Schema: public; Owner: postgres
--

ALTER TABLE ONLY public.complaints_feedback
    ADD CONSTRAINT complaints_feedback_user_id_e52edc86_fk_auth_user_id FOREIGN KEY (user_id) REFERENCES public.auth_user(id) DEFERRABLE INITIALLY DEFERRED;


--
-- Name: districts districts_region_id_f125ac86_fk_regions_id; Type: FK CONSTRAINT; Schema: public; Owner: postgres
--

ALTER TABLE ONLY public.districts
    ADD CONSTRAINT districts_region_id_f125ac86_fk_regions_id FOREIGN KEY (region_id) REFERENCES public.regions(id) DEFERRABLE INITIALLY DEFERRED;


--
-- Name: django_admin_log django_admin_log_content_type_id_c4bce8eb_fk_django_co; Type: FK CONSTRAINT; Schema: public; Owner: postgres
--

ALTER TABLE ONLY public.django_admin_log
    ADD CONSTRAINT django_admin_log_content_type_id_c4bce8eb_fk_django_co FOREIGN KEY (content_type_id) REFERENCES public.django_content_type(id) DEFERRABLE INITIALLY DEFERRED;


--
-- Name: django_admin_log django_admin_log_user_id_c564eba6_fk_auth_user_id; Type: FK CONSTRAINT; Schema: public; Owner: postgres
--

ALTER TABLE ONLY public.django_admin_log
    ADD CONSTRAINT django_admin_log_user_id_c564eba6_fk_auth_user_id FOREIGN KEY (user_id) REFERENCES public.auth_user(id) DEFERRABLE INITIALLY DEFERRED;


--
-- Name: documents_booking documents_booking_property_ref_id_89c3baa9_fk_properties_id; Type: FK CONSTRAINT; Schema: public; Owner: postgres
--

ALTER TABLE ONLY public.documents_booking
    ADD CONSTRAINT documents_booking_property_ref_id_89c3baa9_fk_properties_id FOREIGN KEY (property_ref_id) REFERENCES public.properties(id) DEFERRABLE INITIALLY DEFERRED;


--
-- Name: documents_booking documents_booking_tenant_id_9fae5f5c_fk_auth_user_id; Type: FK CONSTRAINT; Schema: public; Owner: postgres
--

ALTER TABLE ONLY public.documents_booking
    ADD CONSTRAINT documents_booking_tenant_id_9fae5f5c_fk_auth_user_id FOREIGN KEY (tenant_id) REFERENCES public.auth_user(id) DEFERRABLE INITIALLY DEFERRED;


--
-- Name: documents_document documents_document_booking_id_b412be32_fk_documents_booking_id; Type: FK CONSTRAINT; Schema: public; Owner: postgres
--

ALTER TABLE ONLY public.documents_document
    ADD CONSTRAINT documents_document_booking_id_b412be32_fk_documents_booking_id FOREIGN KEY (booking_id) REFERENCES public.documents_booking(id) DEFERRABLE INITIALLY DEFERRED;


--
-- Name: documents_document documents_document_lease_id_1de3b9f1_fk_documents_lease_id; Type: FK CONSTRAINT; Schema: public; Owner: postgres
--

ALTER TABLE ONLY public.documents_document
    ADD CONSTRAINT documents_document_lease_id_1de3b9f1_fk_documents_lease_id FOREIGN KEY (lease_id) REFERENCES public.documents_lease(id) DEFERRABLE INITIALLY DEFERRED;


--
-- Name: documents_document documents_document_property_ref_id_da78bc47_fk_properties_id; Type: FK CONSTRAINT; Schema: public; Owner: postgres
--

ALTER TABLE ONLY public.documents_document
    ADD CONSTRAINT documents_document_property_ref_id_da78bc47_fk_properties_id FOREIGN KEY (property_ref_id) REFERENCES public.properties(id) DEFERRABLE INITIALLY DEFERRED;


--
-- Name: documents_document documents_document_user_id_e543d099_fk_auth_user_id; Type: FK CONSTRAINT; Schema: public; Owner: postgres
--

ALTER TABLE ONLY public.documents_document
    ADD CONSTRAINT documents_document_user_id_e543d099_fk_auth_user_id FOREIGN KEY (user_id) REFERENCES public.auth_user(id) DEFERRABLE INITIALLY DEFERRED;


--
-- Name: documents_lease documents_lease_property_ref_id_3dfda1e3_fk_properties_id; Type: FK CONSTRAINT; Schema: public; Owner: postgres
--

ALTER TABLE ONLY public.documents_lease
    ADD CONSTRAINT documents_lease_property_ref_id_3dfda1e3_fk_properties_id FOREIGN KEY (property_ref_id) REFERENCES public.properties(id) DEFERRABLE INITIALLY DEFERRED;


--
-- Name: documents_lease documents_lease_tenant_id_6c72e060_fk_auth_user_id; Type: FK CONSTRAINT; Schema: public; Owner: postgres
--

ALTER TABLE ONLY public.documents_lease
    ADD CONSTRAINT documents_lease_tenant_id_6c72e060_fk_auth_user_id FOREIGN KEY (tenant_id) REFERENCES public.auth_user(id) DEFERRABLE INITIALLY DEFERRED;


--
-- Name: expenses expenses_property_id_95dbed3f_fk_properties_id; Type: FK CONSTRAINT; Schema: public; Owner: postgres
--

ALTER TABLE ONLY public.expenses
    ADD CONSTRAINT expenses_property_id_95dbed3f_fk_properties_id FOREIGN KEY (property_id) REFERENCES public.properties(id) DEFERRABLE INITIALLY DEFERRED;


--
-- Name: invoices invoices_tenant_id_87941761_fk_auth_user_id; Type: FK CONSTRAINT; Schema: public; Owner: postgres
--

ALTER TABLE ONLY public.invoices
    ADD CONSTRAINT invoices_tenant_id_87941761_fk_auth_user_id FOREIGN KEY (tenant_id) REFERENCES public.auth_user(id) DEFERRABLE INITIALLY DEFERRED;


--
-- Name: maintenance_maintenancerequest maintenance_maintena_assigned_to_id_e640be2b_fk_auth_user; Type: FK CONSTRAINT; Schema: public; Owner: postgres
--

ALTER TABLE ONLY public.maintenance_maintenancerequest
    ADD CONSTRAINT maintenance_maintena_assigned_to_id_e640be2b_fk_auth_user FOREIGN KEY (assigned_to_id) REFERENCES public.auth_user(id) DEFERRABLE INITIALLY DEFERRED;


--
-- Name: maintenance_maintenancerequest maintenance_maintena_property_id_3c32ea31_fk_propertie; Type: FK CONSTRAINT; Schema: public; Owner: postgres
--

ALTER TABLE ONLY public.maintenance_maintenancerequest
    ADD CONSTRAINT maintenance_maintena_property_id_3c32ea31_fk_propertie FOREIGN KEY (property_id) REFERENCES public.properties(id) DEFERRABLE INITIALLY DEFERRED;


--
-- Name: maintenance_maintenancerequest maintenance_maintena_tenant_id_dd21c7ae_fk_auth_user; Type: FK CONSTRAINT; Schema: public; Owner: postgres
--

ALTER TABLE ONLY public.maintenance_maintenancerequest
    ADD CONSTRAINT maintenance_maintena_tenant_id_dd21c7ae_fk_auth_user FOREIGN KEY (tenant_id) REFERENCES public.auth_user(id) DEFERRABLE INITIALLY DEFERRED;


--
-- Name: payment_audit payment_audit_payment_id_f79d13c4_fk_payments_id; Type: FK CONSTRAINT; Schema: public; Owner: postgres
--

ALTER TABLE ONLY public.payment_audit
    ADD CONSTRAINT payment_audit_payment_id_f79d13c4_fk_payments_id FOREIGN KEY (payment_id) REFERENCES public.payments(id) DEFERRABLE INITIALLY DEFERRED;


--
-- Name: payment_transactions payment_transactions_payment_id_7548fe9a_fk_payments_id; Type: FK CONSTRAINT; Schema: public; Owner: postgres
--

ALTER TABLE ONLY public.payment_transactions
    ADD CONSTRAINT payment_transactions_payment_id_7548fe9a_fk_payments_id FOREIGN KEY (payment_id) REFERENCES public.payments(id) DEFERRABLE INITIALLY DEFERRED;


--
-- Name: payment_transactions payment_transactions_provider_id_965073e8_fk_payment_p; Type: FK CONSTRAINT; Schema: public; Owner: postgres
--

ALTER TABLE ONLY public.payment_transactions
    ADD CONSTRAINT payment_transactions_provider_id_965073e8_fk_payment_p FOREIGN KEY (provider_id) REFERENCES public.payment_providers(id) DEFERRABLE INITIALLY DEFERRED;


--
-- Name: payments payments_booking_id_fa2b6c3e_fk_bookings_id; Type: FK CONSTRAINT; Schema: public; Owner: postgres
--

ALTER TABLE ONLY public.payments
    ADD CONSTRAINT payments_booking_id_fa2b6c3e_fk_bookings_id FOREIGN KEY (booking_id) REFERENCES public.bookings(id) DEFERRABLE INITIALLY DEFERRED;


--
-- Name: payments payments_invoice_id_09b5e2bf_fk_invoices_id; Type: FK CONSTRAINT; Schema: public; Owner: postgres
--

ALTER TABLE ONLY public.payments
    ADD CONSTRAINT payments_invoice_id_09b5e2bf_fk_invoices_id FOREIGN KEY (invoice_id) REFERENCES public.invoices(id) DEFERRABLE INITIALLY DEFERRED;


--
-- Name: payments payments_lease_id_442484c7_fk_documents_lease_id; Type: FK CONSTRAINT; Schema: public; Owner: postgres
--

ALTER TABLE ONLY public.payments
    ADD CONSTRAINT payments_lease_id_442484c7_fk_documents_lease_id FOREIGN KEY (lease_id) REFERENCES public.documents_lease(id) DEFERRABLE INITIALLY DEFERRED;


--
-- Name: payments payments_provider_id_ae70ad67_fk_payment_providers_id; Type: FK CONSTRAINT; Schema: public; Owner: postgres
--

ALTER TABLE ONLY public.payments
    ADD CONSTRAINT payments_provider_id_ae70ad67_fk_payment_providers_id FOREIGN KEY (provider_id) REFERENCES public.payment_providers(id) DEFERRABLE INITIALLY DEFERRED;


--
-- Name: payments payments_recorded_by_id_60d2f94d_fk_auth_user_id; Type: FK CONSTRAINT; Schema: public; Owner: postgres
--

ALTER TABLE ONLY public.payments
    ADD CONSTRAINT payments_recorded_by_id_60d2f94d_fk_auth_user_id FOREIGN KEY (recorded_by_id) REFERENCES public.auth_user(id) DEFERRABLE INITIALLY DEFERRED;


--
-- Name: payments payments_rent_invoice_id_dcaab7b9_fk_rent_rentinvoice_id; Type: FK CONSTRAINT; Schema: public; Owner: postgres
--

ALTER TABLE ONLY public.payments
    ADD CONSTRAINT payments_rent_invoice_id_dcaab7b9_fk_rent_rentinvoice_id FOREIGN KEY (rent_invoice_id) REFERENCES public.rent_rentinvoice(id) DEFERRABLE INITIALLY DEFERRED;


--
-- Name: payments payments_tenant_id_cbcc3e33_fk_auth_user_id; Type: FK CONSTRAINT; Schema: public; Owner: postgres
--

ALTER TABLE ONLY public.payments
    ADD CONSTRAINT payments_tenant_id_cbcc3e33_fk_auth_user_id FOREIGN KEY (tenant_id) REFERENCES public.auth_user(id) DEFERRABLE INITIALLY DEFERRED;


--
-- Name: properties properties_approved_by_id_c6e9d599_fk_auth_user_id; Type: FK CONSTRAINT; Schema: public; Owner: postgres
--

ALTER TABLE ONLY public.properties
    ADD CONSTRAINT properties_approved_by_id_c6e9d599_fk_auth_user_id FOREIGN KEY (approved_by_id) REFERENCES public.auth_user(id) DEFERRABLE INITIALLY DEFERRED;


--
-- Name: properties properties_district_id_ed7b3fbc_fk_districts_id; Type: FK CONSTRAINT; Schema: public; Owner: postgres
--

ALTER TABLE ONLY public.properties
    ADD CONSTRAINT properties_district_id_ed7b3fbc_fk_districts_id FOREIGN KEY (district_id) REFERENCES public.districts(id) DEFERRABLE INITIALLY DEFERRED;


--
-- Name: properties_houserentreminder properties_houserent_created_by_id_3341cd7f_fk_auth_user; Type: FK CONSTRAINT; Schema: public; Owner: postgres
--

ALTER TABLE ONLY public.properties_houserentreminder
    ADD CONSTRAINT properties_houserent_created_by_id_3341cd7f_fk_auth_user FOREIGN KEY (created_by_id) REFERENCES public.auth_user(id) DEFERRABLE INITIALLY DEFERRED;


--
-- Name: properties_houserentreminder properties_houserent_customer_id_7e20f7a8_fk_customers; Type: FK CONSTRAINT; Schema: public; Owner: postgres
--

ALTER TABLE ONLY public.properties_houserentreminder
    ADD CONSTRAINT properties_houserent_customer_id_7e20f7a8_fk_customers FOREIGN KEY (customer_id) REFERENCES public.customers(id) DEFERRABLE INITIALLY DEFERRED;


--
-- Name: properties_houserentreminderlog properties_houserent_performed_by_id_70881276_fk_auth_user; Type: FK CONSTRAINT; Schema: public; Owner: postgres
--

ALTER TABLE ONLY public.properties_houserentreminderlog
    ADD CONSTRAINT properties_houserent_performed_by_id_70881276_fk_auth_user FOREIGN KEY (performed_by_id) REFERENCES public.auth_user(id) DEFERRABLE INITIALLY DEFERRED;


--
-- Name: properties_houserentremindersettings properties_houserent_property_obj_id_28c50ee9_fk_propertie; Type: FK CONSTRAINT; Schema: public; Owner: postgres
--

ALTER TABLE ONLY public.properties_houserentremindersettings
    ADD CONSTRAINT properties_houserent_property_obj_id_28c50ee9_fk_propertie FOREIGN KEY (property_obj_id) REFERENCES public.properties(id) DEFERRABLE INITIALLY DEFERRED;


--
-- Name: properties_houserentreminder properties_houserent_property_obj_id_710545da_fk_propertie; Type: FK CONSTRAINT; Schema: public; Owner: postgres
--

ALTER TABLE ONLY public.properties_houserentreminder
    ADD CONSTRAINT properties_houserent_property_obj_id_710545da_fk_propertie FOREIGN KEY (property_obj_id) REFERENCES public.properties(id) DEFERRABLE INITIALLY DEFERRED;


--
-- Name: properties_houserentreminderschedule properties_houserent_property_obj_id_b9c57501_fk_propertie; Type: FK CONSTRAINT; Schema: public; Owner: postgres
--

ALTER TABLE ONLY public.properties_houserentreminderschedule
    ADD CONSTRAINT properties_houserent_property_obj_id_b9c57501_fk_propertie FOREIGN KEY (property_obj_id) REFERENCES public.properties(id) DEFERRABLE INITIALLY DEFERRED;


--
-- Name: properties_houserentreminderlog properties_houserent_reminder_id_879d70b7_fk_propertie; Type: FK CONSTRAINT; Schema: public; Owner: postgres
--

ALTER TABLE ONLY public.properties_houserentreminderlog
    ADD CONSTRAINT properties_houserent_reminder_id_879d70b7_fk_propertie FOREIGN KEY (reminder_id) REFERENCES public.properties_houserentreminder(id) DEFERRABLE INITIALLY DEFERRED;


--
-- Name: properties_houserentreminder properties_houserentreminder_booking_id_818d1415_fk_bookings_id; Type: FK CONSTRAINT; Schema: public; Owner: postgres
--

ALTER TABLE ONLY public.properties_houserentreminder
    ADD CONSTRAINT properties_houserentreminder_booking_id_818d1415_fk_bookings_id FOREIGN KEY (booking_id) REFERENCES public.bookings(id) DEFERRABLE INITIALLY DEFERRED;


--
-- Name: properties properties_owner_id_f88fce84_fk_auth_user_id; Type: FK CONSTRAINT; Schema: public; Owner: postgres
--

ALTER TABLE ONLY public.properties
    ADD CONSTRAINT properties_owner_id_f88fce84_fk_auth_user_id FOREIGN KEY (owner_id) REFERENCES public.auth_user(id) DEFERRABLE INITIALLY DEFERRED;


--
-- Name: properties properties_property_type_id_1eae0370_fk_property_types_id; Type: FK CONSTRAINT; Schema: public; Owner: postgres
--

ALTER TABLE ONLY public.properties
    ADD CONSTRAINT properties_property_type_id_1eae0370_fk_property_types_id FOREIGN KEY (property_type_id) REFERENCES public.property_types(id) DEFERRABLE INITIALLY DEFERRED;


--
-- Name: properties properties_region_id_72668975_fk_regions_id; Type: FK CONSTRAINT; Schema: public; Owner: postgres
--

ALTER TABLE ONLY public.properties
    ADD CONSTRAINT properties_region_id_72668975_fk_regions_id FOREIGN KEY (region_id) REFERENCES public.regions(id) DEFERRABLE INITIALLY DEFERRED;


--
-- Name: property_amenities property_amenities_amenity_id_862539d4_fk_amenities_id; Type: FK CONSTRAINT; Schema: public; Owner: postgres
--

ALTER TABLE ONLY public.property_amenities
    ADD CONSTRAINT property_amenities_amenity_id_862539d4_fk_amenities_id FOREIGN KEY (amenity_id) REFERENCES public.amenities(id) DEFERRABLE INITIALLY DEFERRED;


--
-- Name: property_amenities property_amenities_property_id_1e441e1d_fk_properties_id; Type: FK CONSTRAINT; Schema: public; Owner: postgres
--

ALTER TABLE ONLY public.property_amenities
    ADD CONSTRAINT property_amenities_property_id_1e441e1d_fk_properties_id FOREIGN KEY (property_id) REFERENCES public.properties(id) DEFERRABLE INITIALLY DEFERRED;


--
-- Name: property_complaints property_complaints_booking_id_62af9443_fk_bookings_id; Type: FK CONSTRAINT; Schema: public; Owner: postgres
--

ALTER TABLE ONLY public.property_complaints
    ADD CONSTRAINT property_complaints_booking_id_62af9443_fk_bookings_id FOREIGN KEY (booking_id) REFERENCES public.bookings(id) DEFERRABLE INITIALLY DEFERRED;


--
-- Name: property_complaints property_complaints_customer_id_903bbe24_fk_customers_id; Type: FK CONSTRAINT; Schema: public; Owner: postgres
--

ALTER TABLE ONLY public.property_complaints
    ADD CONSTRAINT property_complaints_customer_id_903bbe24_fk_customers_id FOREIGN KEY (customer_id) REFERENCES public.customers(id) DEFERRABLE INITIALLY DEFERRED;


--
-- Name: property_complaints property_complaints_resolved_by_id_cca95724_fk_auth_user_id; Type: FK CONSTRAINT; Schema: public; Owner: postgres
--

ALTER TABLE ONLY public.property_complaints
    ADD CONSTRAINT property_complaints_resolved_by_id_cca95724_fk_auth_user_id FOREIGN KEY (resolved_by_id) REFERENCES public.auth_user(id) DEFERRABLE INITIALLY DEFERRED;


--
-- Name: property_favorites property_favorites_property_id_471b93d3_fk_properties_id; Type: FK CONSTRAINT; Schema: public; Owner: postgres
--

ALTER TABLE ONLY public.property_favorites
    ADD CONSTRAINT property_favorites_property_id_471b93d3_fk_properties_id FOREIGN KEY (property_id) REFERENCES public.properties(id) DEFERRABLE INITIALLY DEFERRED;


--
-- Name: property_favorites property_favorites_user_id_1fa729c7_fk_auth_user_id; Type: FK CONSTRAINT; Schema: public; Owner: postgres
--

ALTER TABLE ONLY public.property_favorites
    ADD CONSTRAINT property_favorites_user_id_1fa729c7_fk_auth_user_id FOREIGN KEY (user_id) REFERENCES public.auth_user(id) DEFERRABLE INITIALLY DEFERRED;


--
-- Name: property_images property_images_property_id_16381827_fk_properties_id; Type: FK CONSTRAINT; Schema: public; Owner: postgres
--

ALTER TABLE ONLY public.property_images
    ADD CONSTRAINT property_images_property_id_16381827_fk_properties_id FOREIGN KEY (property_id) REFERENCES public.properties(id) DEFERRABLE INITIALLY DEFERRED;


--
-- Name: property_payments property_payments_booking_id_5c58bb4d_fk_bookings_id; Type: FK CONSTRAINT; Schema: public; Owner: postgres
--

ALTER TABLE ONLY public.property_payments
    ADD CONSTRAINT property_payments_booking_id_5c58bb4d_fk_bookings_id FOREIGN KEY (booking_id) REFERENCES public.bookings(id) DEFERRABLE INITIALLY DEFERRED;


--
-- Name: property_payments property_payments_recorded_by_id_2bc0919e_fk_auth_user_id; Type: FK CONSTRAINT; Schema: public; Owner: postgres
--

ALTER TABLE ONLY public.property_payments
    ADD CONSTRAINT property_payments_recorded_by_id_2bc0919e_fk_auth_user_id FOREIGN KEY (recorded_by_id) REFERENCES public.auth_user(id) DEFERRABLE INITIALLY DEFERRED;


--
-- Name: property_rooms property_rooms_current_booking_id_315bcabb_fk_bookings_id; Type: FK CONSTRAINT; Schema: public; Owner: postgres
--

ALTER TABLE ONLY public.property_rooms
    ADD CONSTRAINT property_rooms_current_booking_id_315bcabb_fk_bookings_id FOREIGN KEY (current_booking_id) REFERENCES public.bookings(id) DEFERRABLE INITIALLY DEFERRED;


--
-- Name: property_rooms property_rooms_property_obj_id_2cb35785_fk_properties_id; Type: FK CONSTRAINT; Schema: public; Owner: postgres
--

ALTER TABLE ONLY public.property_rooms
    ADD CONSTRAINT property_rooms_property_obj_id_2cb35785_fk_properties_id FOREIGN KEY (property_obj_id) REFERENCES public.properties(id) DEFERRABLE INITIALLY DEFERRED;


--
-- Name: property_views property_views_property_id_e83b12ad_fk_properties_id; Type: FK CONSTRAINT; Schema: public; Owner: postgres
--

ALTER TABLE ONLY public.property_views
    ADD CONSTRAINT property_views_property_id_e83b12ad_fk_properties_id FOREIGN KEY (property_id) REFERENCES public.properties(id) DEFERRABLE INITIALLY DEFERRED;


--
-- Name: property_views property_views_user_id_97c87565_fk_auth_user_id; Type: FK CONSTRAINT; Schema: public; Owner: postgres
--

ALTER TABLE ONLY public.property_views
    ADD CONSTRAINT property_views_user_id_97c87565_fk_auth_user_id FOREIGN KEY (user_id) REFERENCES public.auth_user(id) DEFERRABLE INITIALLY DEFERRED;


--
-- Name: property_visit_payments property_visit_payments_payment_id_9a15209a_fk_payments_id; Type: FK CONSTRAINT; Schema: public; Owner: postgres
--

ALTER TABLE ONLY public.property_visit_payments
    ADD CONSTRAINT property_visit_payments_payment_id_9a15209a_fk_payments_id FOREIGN KEY (payment_id) REFERENCES public.payments(id) DEFERRABLE INITIALLY DEFERRED;


--
-- Name: property_visit_payments property_visit_payments_property_id_a7fb7689_fk_properties_id; Type: FK CONSTRAINT; Schema: public; Owner: postgres
--

ALTER TABLE ONLY public.property_visit_payments
    ADD CONSTRAINT property_visit_payments_property_id_a7fb7689_fk_properties_id FOREIGN KEY (property_id) REFERENCES public.properties(id) DEFERRABLE INITIALLY DEFERRED;


--
-- Name: property_visit_payments property_visit_payments_user_id_db32e72c_fk_auth_user_id; Type: FK CONSTRAINT; Schema: public; Owner: postgres
--

ALTER TABLE ONLY public.property_visit_payments
    ADD CONSTRAINT property_visit_payments_user_id_db32e72c_fk_auth_user_id FOREIGN KEY (user_id) REFERENCES public.auth_user(id) DEFERRABLE INITIALLY DEFERRED;


--
-- Name: rent_latefee rent_latefee_lease_id_0f526644_fk_documents_lease_id; Type: FK CONSTRAINT; Schema: public; Owner: postgres
--

ALTER TABLE ONLY public.rent_latefee
    ADD CONSTRAINT rent_latefee_lease_id_0f526644_fk_documents_lease_id FOREIGN KEY (lease_id) REFERENCES public.documents_lease(id) DEFERRABLE INITIALLY DEFERRED;


--
-- Name: rent_rentinvoice rent_rentinvoice_lease_id_dcee4e2c_fk_documents_lease_id; Type: FK CONSTRAINT; Schema: public; Owner: postgres
--

ALTER TABLE ONLY public.rent_rentinvoice
    ADD CONSTRAINT rent_rentinvoice_lease_id_dcee4e2c_fk_documents_lease_id FOREIGN KEY (lease_id) REFERENCES public.documents_lease(id) DEFERRABLE INITIALLY DEFERRED;


--
-- Name: rent_rentinvoice rent_rentinvoice_tenant_id_5cdc5a45_fk_auth_user_id; Type: FK CONSTRAINT; Schema: public; Owner: postgres
--

ALTER TABLE ONLY public.rent_rentinvoice
    ADD CONSTRAINT rent_rentinvoice_tenant_id_5cdc5a45_fk_auth_user_id FOREIGN KEY (tenant_id) REFERENCES public.auth_user(id) DEFERRABLE INITIALLY DEFERRED;


--
-- Name: rent_rentpayment rent_rentpayment_invoice_id_39165311_fk_rent_rentinvoice_id; Type: FK CONSTRAINT; Schema: public; Owner: postgres
--

ALTER TABLE ONLY public.rent_rentpayment
    ADD CONSTRAINT rent_rentpayment_invoice_id_39165311_fk_rent_rentinvoice_id FOREIGN KEY (invoice_id) REFERENCES public.rent_rentinvoice(id) DEFERRABLE INITIALLY DEFERRED;


--
-- Name: rent_rentpayment rent_rentpayment_lease_id_9c0db3b0_fk_documents_lease_id; Type: FK CONSTRAINT; Schema: public; Owner: postgres
--

ALTER TABLE ONLY public.rent_rentpayment
    ADD CONSTRAINT rent_rentpayment_lease_id_9c0db3b0_fk_documents_lease_id FOREIGN KEY (lease_id) REFERENCES public.documents_lease(id) DEFERRABLE INITIALLY DEFERRED;


--
-- Name: rent_rentpayment rent_rentpayment_recorded_by_id_62521d42_fk_auth_user_id; Type: FK CONSTRAINT; Schema: public; Owner: postgres
--

ALTER TABLE ONLY public.rent_rentpayment
    ADD CONSTRAINT rent_rentpayment_recorded_by_id_62521d42_fk_auth_user_id FOREIGN KEY (recorded_by_id) REFERENCES public.auth_user(id) DEFERRABLE INITIALLY DEFERRED;


--
-- Name: rent_rentpayment rent_rentpayment_tenant_id_204a01dd_fk_auth_user_id; Type: FK CONSTRAINT; Schema: public; Owner: postgres
--

ALTER TABLE ONLY public.rent_rentpayment
    ADD CONSTRAINT rent_rentpayment_tenant_id_204a01dd_fk_auth_user_id FOREIGN KEY (tenant_id) REFERENCES public.auth_user(id) DEFERRABLE INITIALLY DEFERRED;


--
-- Name: rent_rentreminder rent_rentreminder_invoice_id_ad5fa9cb_fk_rent_rentinvoice_id; Type: FK CONSTRAINT; Schema: public; Owner: postgres
--

ALTER TABLE ONLY public.rent_rentreminder
    ADD CONSTRAINT rent_rentreminder_invoice_id_ad5fa9cb_fk_rent_rentinvoice_id FOREIGN KEY (invoice_id) REFERENCES public.rent_rentinvoice(id) DEFERRABLE INITIALLY DEFERRED;


--
-- Name: rent_rentreminder rent_rentreminder_tenant_id_50422c2b_fk_auth_user_id; Type: FK CONSTRAINT; Schema: public; Owner: postgres
--

ALTER TABLE ONLY public.rent_rentreminder
    ADD CONSTRAINT rent_rentreminder_tenant_id_50422c2b_fk_auth_user_id FOREIGN KEY (tenant_id) REFERENCES public.auth_user(id) DEFERRABLE INITIALLY DEFERRED;


--
-- Name: reports_generatedreport reports_generatedrep_generated_by_id_634c8b8f_fk_auth_user; Type: FK CONSTRAINT; Schema: public; Owner: postgres
--

ALTER TABLE ONLY public.reports_generatedreport
    ADD CONSTRAINT reports_generatedrep_generated_by_id_634c8b8f_fk_auth_user FOREIGN KEY (generated_by_id) REFERENCES public.auth_user(id) DEFERRABLE INITIALLY DEFERRED;


--
-- Name: reports_generatedreport reports_generatedrep_template_id_cc9efa1c_fk_reports_r; Type: FK CONSTRAINT; Schema: public; Owner: postgres
--

ALTER TABLE ONLY public.reports_generatedreport
    ADD CONSTRAINT reports_generatedrep_template_id_cc9efa1c_fk_reports_r FOREIGN KEY (template_id) REFERENCES public.reports_reporttemplate(id) DEFERRABLE INITIALLY DEFERRED;


--
-- Name: reports_reporttemplate reports_reporttemplate_created_by_id_d379b15b_fk_auth_user_id; Type: FK CONSTRAINT; Schema: public; Owner: postgres
--

ALTER TABLE ONLY public.reports_reporttemplate
    ADD CONSTRAINT reports_reporttemplate_created_by_id_d379b15b_fk_auth_user_id FOREIGN KEY (created_by_id) REFERENCES public.auth_user(id) DEFERRABLE INITIALLY DEFERRED;


--
-- Name: token_blacklist_blacklistedtoken token_blacklist_blacklistedtoken_token_id_3cc7fe56_fk; Type: FK CONSTRAINT; Schema: public; Owner: postgres
--

ALTER TABLE ONLY public.token_blacklist_blacklistedtoken
    ADD CONSTRAINT token_blacklist_blacklistedtoken_token_id_3cc7fe56_fk FOREIGN KEY (token_id) REFERENCES public.token_blacklist_outstandingtoken(id) DEFERRABLE INITIALLY DEFERRED;


--
-- Name: token_blacklist_outstandingtoken token_blacklist_outs_user_id_83bc629a_fk_auth_user; Type: FK CONSTRAINT; Schema: public; Owner: postgres
--

ALTER TABLE ONLY public.token_blacklist_outstandingtoken
    ADD CONSTRAINT token_blacklist_outs_user_id_83bc629a_fk_auth_user FOREIGN KEY (user_id) REFERENCES public.auth_user(id) DEFERRABLE INITIALLY DEFERRED;


--
-- PostgreSQL database dump complete
--

\unrestrict IAyB88m7EoWCWrAR5MRN3c08HdexfLPPsvjgbCJXMQgdfxzPk5ICLtEz7PY67GV

